
=====================================================================================
REPORT FAIRNESS JMETER (Finestra di test: 600.04 s)
=====================================================================================
  Thread Group  Richieste OK  Req/s  Nominale (req/min)  Effettivo/Nominale
Thread Group 1         81217 135.35              8400.0              0.9668
Thread Group 2         70145 116.90              7200.0              0.9742
Thread Group 3         58981  98.30              6000.0              0.9830
Thread Group 4         47463  79.10              4800.0              0.9888
Thread Group 5         35744  59.57              3600.0              0.9928

-------------------------------------------------------
Gruppi rilevati          : 5
Metrica considerata      : req_s
Normalizzazione          : Attiva (Effettivo / Nominale)
Jain's Fairness Index    : 0.999906157
Scostamento da 1         : 0.000093843
-------------------------------------------------------

=== Riepilogo vmstat (Media di Medie) ===
        cpu_us_pct  cpu_sy_pct  cpu_wa_pct  cpu_id_pct  mem_free_pct  mem_buff_pct  mem_cache_pct  mem_swpd_pct      bi      bo       cs       in     r  bi_pct  bo_pct  cs_pct  in_pct   r_pct
time_s                                                                                                                                                                                         
1              3.0        86.0         0.0        11.0         43.99          1.99          54.01           0.0     0.0     0.0   5778.0  16720.0   0.0    0.00    0.00   56.82   98.21    0.00
2              3.0        81.0         0.0        16.0         43.99          1.99          54.02           0.0     0.0     0.0   5812.0  16286.0  23.0    0.00    0.00   57.15   95.66   33.82
3              2.0        87.0         0.0        11.0         44.12          1.99          53.89           0.0     0.0     0.0   5684.0  17018.0   5.0    0.00    0.00   55.90   99.96    7.35
4              3.0        85.0         0.0        12.0         44.21          1.99          53.81           0.0     0.0     0.0   5684.0  16363.0  20.0    0.00    0.00   55.90   96.12   29.41
5              3.0        91.0         0.0         6.0         44.31          1.98          53.71           0.0     0.0    76.0   5383.0  16041.0   0.0    0.00    1.24   52.94   94.23    0.00
6              3.0        91.0         0.0         6.0         43.22          2.02          54.75           0.0     0.0     0.0   5528.0  16342.0   7.0    0.00    0.00   54.36   95.99   10.29
7              3.0        89.0         0.0         8.0         43.25          2.02          54.73           0.0     0.0     0.0   5536.0  17024.0   3.0    0.00    0.00   54.44  100.00    4.41
8              3.0        78.0         0.0        19.0         43.33          2.02          54.65           0.0     0.0     0.0   6080.0  15434.0   2.0    0.00    0.00   59.79   90.66    2.94
9              2.0        78.0         0.0        20.0         43.30          2.02          54.68           0.0     0.0     0.0   5778.0  16090.0  11.0    0.00    0.00   56.82   94.51   16.18
10             2.0        84.0         0.0        14.0         43.22          2.02          54.76           0.0     0.0    24.0   5824.0  16803.0  12.0    0.00    0.39   57.27   98.70   17.65
11             3.0        86.0         0.0        11.0         43.18          2.02          54.79           0.0     0.0     0.0   5265.0  16774.0   0.0    0.00    0.00   51.78   98.53    0.00
12             3.0        77.0         0.0        20.0         43.34          2.02          54.64           0.0     0.0     0.0   5821.0  15335.0   6.0    0.00    0.00   57.24   90.08    8.82
13             2.0        89.0         0.0         9.0         43.44          2.01          54.54           0.0     0.0     0.0   5619.0  17005.0  10.0    0.00    0.00   55.26   99.89   14.71
14             3.0        78.0         0.0        19.0         43.14          2.02          54.84           0.0     0.0     0.0   5669.0  15753.0   5.0    0.00    0.00   55.75   92.53    7.35
15             2.0        77.0         0.0        21.0         43.25          2.02          54.73           0.0     0.0    16.0   5908.0  16113.0   9.0    0.00    0.26   58.10   94.65   13.24
16             2.0        69.0         0.0        29.0         42.43          2.05          55.52           0.0     0.0     0.0   5924.0  14978.0   4.0    0.00    0.00   58.26   87.98    5.88
17             3.0        79.0         0.0        18.0         42.47          2.05          55.48           0.0     0.0     0.0   5873.0  16342.0   0.0    0.00    0.00   57.75   95.99    0.00
18             3.0        73.0         0.0        24.0         42.54          2.05          55.41           0.0     0.0     0.0   5904.0  15827.0   0.0    0.00    0.00   58.06   92.97    0.00
19             2.0        79.0         0.0        19.0         42.71          2.04          55.25           0.0     0.0     0.0   5950.0  16123.0   2.0    0.00    0.00   58.51   94.71    2.94
20             2.0        84.0         0.0        14.0         42.68          2.04          55.28           0.0     0.0    16.0   5614.0  17024.0   0.0    0.00    0.26   55.21  100.00    0.00
21             4.0        77.0         0.0        19.0         42.42          2.05          55.53           0.0     0.0     0.0   5746.0  16275.0   3.0    0.00    0.00   56.51   95.60    4.41
22             2.0        77.0         0.0        21.0         42.52          2.05          55.43           0.0     0.0     0.0   5665.0  16234.0   0.0    0.00    0.00   55.71   95.36    0.00
23             3.0        75.0         0.0        22.0         42.57          2.04          55.39           0.0     0.0     0.0   5801.0  16130.0   5.0    0.00    0.00   57.05   94.75    7.35
24             2.0        86.0         0.0        12.0         42.77          2.04          55.19           0.0     0.0     0.0   5781.0  16656.0  25.0    0.00    0.00   56.85   97.84   36.76
25             4.0        88.0         0.0         8.0         42.47          2.05          55.48           0.0     0.0    20.0   5446.0  16618.0   6.0    0.00    0.33   53.55   97.62    8.82
26             2.0        88.0         0.0        10.0         42.53          2.05          55.43           0.0     0.0     0.0   5530.0  16721.0   2.0    0.00    0.00   54.38   98.22    2.94
27             3.0        78.0         0.0        19.0         41.28          2.09          56.63           0.0     0.0   240.0   5725.0  15714.0   3.0    0.00    3.91   56.30   92.30    4.41
28             3.0        85.0         0.0        12.0         40.99          2.10          56.91           0.0     0.0  2724.0   5917.0  16425.0  16.0    0.00   44.34   58.19   96.48   23.53
29             3.0        86.0         0.0        11.0         41.16          2.09          56.75           0.0     0.0    44.0   5519.0  16280.0  10.0    0.00    0.72   54.27   95.63   14.71
30             2.0        85.0         0.0        13.0         41.32          2.09          56.59           0.0     0.0    72.0   5708.0  15714.0   2.0    0.00    1.17   56.13   92.30    2.94
31             3.0        83.0         0.0        14.0         41.52          2.08          56.40           0.0     0.0     4.0   5686.0  16056.0   8.0    0.00    0.07   55.92   94.31   11.76
32             4.0        83.0         0.0        13.0         41.13          2.10          56.78           0.0     0.0     0.0   5554.0  15970.0   6.0    0.00    0.00   54.62   93.81    8.82
33             3.0        88.0         0.0         9.0         41.22          2.09          56.69           0.0     0.0     0.0   5493.0  16292.0  28.0    0.00    0.00   54.02   95.70   41.18
34             3.0        87.0         0.0        10.0         41.08          2.10          56.82           0.0     0.0  1496.0   5300.0  16194.0   5.0    0.00   24.35   52.12   95.12    7.35
35             3.0        86.0         0.0        11.0         41.25          2.09          56.66           0.0     0.0    36.0   5483.0  16287.0   4.0    0.00    0.59   53.92   95.67    5.88
36             3.0        84.0         0.0        13.0         41.05          2.10          56.85           0.0     0.0     0.0   5603.0  16216.0   7.0    0.00    0.00   55.10   95.25   10.29
37             3.0        79.0         0.0        18.0         40.46          2.11          57.43           0.0  2032.0     0.0   5867.0  15664.0  13.0   24.80    0.00   57.69   92.01   19.12
38             2.0        90.0         0.0         8.0         40.24          2.12          57.65           0.0     0.0     0.0   5357.0  16769.0   0.0    0.00    0.00   52.68   98.50    0.00
39             3.0        86.0         0.0        11.0         40.52          2.11          57.37           0.0     0.0     0.0   5335.0  15499.0   1.0    0.00    0.00   52.46   91.04    1.47
40             3.0        93.0         0.0         4.0         40.28          2.12          57.60           0.0     0.0    16.0   5056.0  16074.0   4.0    0.00    0.26   49.72   94.42    5.88
41             3.0        86.0         0.0        11.0         40.46          2.11          57.43           0.0     0.0     0.0   5321.0  15977.0   0.0    0.00    0.00   52.33   93.85    0.00
42             3.0        82.0         0.0        15.0         40.60          2.11          57.30           0.0     0.0     0.0   5536.0  16524.0   8.0    0.00    0.00   54.44   97.06   11.76
43             3.0        89.0         0.0         8.0         40.35          2.11          57.54           0.0     0.0     0.0   5267.0  16145.0   3.0    0.00    0.00   51.79   94.84    4.41
44             2.0        94.0         0.0         4.0         39.97          2.13          57.90           0.0     0.0     0.0   5254.0  16668.0  17.0    0.00    0.00   51.67   97.91   25.00
45             3.0        87.0         0.0        10.0         40.35          2.11          57.53           0.0     0.0    16.0   5420.0  15631.0  18.0    0.00    0.26   53.30   91.82   26.47
46             4.0        88.0         0.0         8.0         40.67          2.10          57.23           0.0     0.0     0.0   5340.0  16758.0  13.0    0.00    0.00   52.51   98.44   19.12
47             3.0        84.0         0.0        13.0         40.65          2.10          57.25           0.0     0.0     0.0   5476.0  15753.0   8.0    0.00    0.00   53.85   92.53   11.76
48             3.0        85.0         0.0        12.0         40.68          2.10          57.22           0.0     0.0     0.0   5483.0  15874.0   3.0    0.00    0.00   53.92   93.24    4.41
49             2.0        87.0         0.0        11.0         40.40          2.11          57.48           0.0     0.0     0.0   5113.0  15656.0   9.0    0.00    0.00   50.28   91.96   13.24
50             3.0        81.0         0.0        16.0         40.58          2.11          57.31           0.0     0.0    16.0   5750.0  15950.0   0.0    0.00    0.26   56.54   93.69    0.00
51             2.0        88.0         0.0        10.0         40.66          2.10          57.23           0.0     0.0     0.0   5609.0  16634.0  22.0    0.00    0.00   55.16   97.71   32.35
52             3.0        93.0         0.0         4.0         40.53          2.11          57.36           0.0     0.0     0.0   5223.0  16096.0   5.0    0.00    0.00   51.36   94.55    7.35
53             3.0        91.0         0.0         6.0         40.15          2.12          57.73           0.0     0.0     0.0   5487.0  15434.0  13.0    0.00    0.00   53.96   90.66   19.12
54             4.0        92.0         0.0         4.0         40.07          2.12          57.81           0.0     0.0     0.0   5409.0  15901.0   3.0    0.00    0.00   53.19   93.40    4.41
55             2.0        83.0         0.0        15.0         40.19          2.12          57.69           0.0     0.0    16.0   5518.0  15088.0   7.0    0.00    0.26   54.26   88.63   10.29
56             3.0        93.0         0.0         4.0         39.90          2.13          57.97           0.0     0.0     0.0   5121.0  15505.0  44.0    0.00    0.00   50.36   91.08   64.71
57             4.0        92.0         0.0         4.0         39.81          2.12          58.06           0.0  1612.0     0.0   5701.0  15414.0  12.0   19.68    0.00   56.06   90.54   17.65
58             4.0        95.0         0.0         1.0         39.28          2.14          58.57           0.0     0.0   148.0   5647.0  16138.0  18.0    0.00    2.41   55.53   94.80   26.47
59             3.0        97.0         0.0         0.0         39.49          2.14          58.38           0.0     0.0     0.0   5136.0  15722.0  11.0    0.00    0.00   50.51   92.35   16.18
60             3.0        91.0         0.0         6.0         39.69          2.13          58.18           0.0     0.0    16.0   5179.0  15347.0   9.0    0.00    0.26   50.93   90.15   13.24
61             4.0        94.0         0.0         2.0         39.55          2.13          58.32           0.0     0.0    64.0   5361.0  15863.0  21.0    0.00    1.04   52.72   93.18   30.88
62             2.0        91.0         0.0         7.0         39.49          2.14          58.38           0.0     0.0     8.0   5405.0  14723.0  20.0    0.00    0.13   53.15   86.48   29.41
63             2.0        88.0         0.0        10.0         39.20          2.15          58.65           0.0     0.0     0.0   5632.0  15103.0  18.0    0.00    0.00   55.38   88.72   26.47
64             4.0        91.0         0.0         5.0         39.22          2.15          58.64           0.0     0.0     0.0   5210.0  15392.0  14.0    0.00    0.00   51.23   90.41   20.59
65             3.0        97.0         0.0         0.0         39.32          2.14          58.54           0.0     0.0  1388.0   5108.0  15380.0  20.0    0.00   22.59   50.23   90.34   29.41
66             3.0        97.0         0.0         0.0         38.87          2.16          58.97           0.0     0.0     0.0   5269.0  14405.0  38.0    0.00    0.00   51.81   84.62   55.88
67             3.0        97.0         0.0         0.0         37.68          2.20          60.12           0.0     0.0     0.0   5259.0  13317.0  16.0    0.00    0.00   51.72   78.22   23.53
68             4.0        96.0         0.0         0.0         38.08          2.19          59.73           0.0     0.0     0.0   5471.0  13501.0  29.0    0.00    0.00   53.80   79.31   42.65
69             4.0        96.0         0.0         0.0         38.24          2.18          59.58           0.0   512.0     0.0   6085.0  13769.0  10.0    6.25    0.00   59.84   80.88   14.71
70             3.0        97.0         0.0         0.0         37.52          2.20          60.28           0.0     0.0    16.0   5710.0  14195.0  25.0    0.00    0.26   56.15   83.38   36.76
71             3.0        96.0         0.0         1.0         38.47          2.17          59.36           0.0     0.0     0.0   5202.0  14214.0   8.0    0.00    0.00   51.16   83.49   11.76
72             3.0        97.0         0.0         0.0         37.71          2.20          60.10           0.0     0.0     0.0   5562.0  14369.0  22.0    0.00    0.00   54.70   84.40   32.35
73             3.0        97.0         0.0         0.0         37.68          2.20          60.12           0.0     0.0     0.0   5470.0  15264.0  25.0    0.00    0.00   53.79   89.66   36.76
74             3.0        96.0         0.0         1.0         38.23          2.18          59.59           0.0     0.0     0.0   5530.0  15376.0  14.0    0.00    0.00   54.38   90.32   20.59
75             3.0        97.0         0.0         0.0         38.78          2.16          59.06           0.0     0.0    16.0   5588.0  14962.0  13.0    0.00    0.26   54.95   87.89   19.12
76             3.0        96.0         0.0         1.0         39.00          2.15          58.84           0.0     0.0     0.0   5500.0  15364.0  27.0    0.00    0.00   54.09   90.25   39.71
77             3.0        95.0         0.0         2.0         39.02          2.15          58.83           0.0     0.0     0.0   5404.0  15325.0  17.0    0.00    0.00   53.14   90.02   25.00
78             3.0        97.0         0.0         0.0         38.77          2.16          59.08           0.0     0.0     0.0   5439.0  15460.0  16.0    0.00    0.00   53.49   90.81   23.53
79             3.0        95.0         0.0         2.0         38.78          2.16          59.06           0.0     0.0     0.0   5759.0  16195.0  11.0    0.00    0.00   56.63   95.13   16.18
80             3.0        97.0         0.0         0.0         38.33          2.17          59.50           0.0   520.0    16.0   5794.0  15218.0  19.0    6.35    0.26   56.98   89.39   27.94
81             2.0        98.0         0.0         0.0         38.31          2.17          59.51           0.0     0.0     0.0   5577.0  14919.0  23.0    0.00    0.00   54.84   87.64   33.82
82             4.0        92.0         0.0         4.0         38.18          2.18          59.64           0.0     0.0     0.0   5501.0  15229.0  16.0    0.00    0.00   54.10   89.46   23.53
83             3.0        89.0         0.0         8.0         38.53          2.17          59.31           0.0     0.0     0.0   5795.0  14725.0  16.0    0.00    0.00   56.99   86.50   23.53
84             4.0        91.0         0.0         5.0         38.26          2.17          59.57           0.0     0.0     0.0   5689.0  15380.0  28.0    0.00    0.00   55.94   90.34   41.18
85             3.0        97.0         0.0         0.0         38.37          2.17          59.46           0.0     0.0    20.0   5259.0  15714.0   8.0    0.00    0.33   51.72   92.30   11.76
86             3.0        83.0         0.0        14.0         38.79          2.16          59.05           0.0     0.0     0.0   6169.0  14886.0   8.0    0.00    0.00   60.66   87.44   11.76
87             3.0        95.0         0.0         2.0         38.65          2.16          59.19           0.0     0.0     0.0   5700.0  15829.0  13.0    0.00    0.00   56.05   92.98   19.12
88             3.0        97.0         0.0         0.0         38.16          2.18          59.67           0.0     0.0     0.0   5610.0  16144.0  21.0    0.00    0.00   55.17   94.83   30.88
89             3.0        90.0         0.0         7.0         38.76          2.16          59.08           0.0     0.0     0.0   5994.0  14841.0  15.0    0.00    0.00   58.94   87.18   22.06
90             3.0        89.0         0.0         8.0         38.79          2.16          59.06           0.0     0.0    16.0   5873.0  14203.0  11.0    0.00    0.26   57.75   83.43   16.18
91             3.0        97.0         0.0         0.0         36.98          2.21          60.80           0.0  1064.0     0.0   5847.0  14724.0  13.0   12.99    0.00   57.50   86.49   19.12
92             4.0        96.0         0.0         0.0         37.04          2.21          60.75           0.0     0.0     0.0   6047.0  15231.0  15.0    0.00    0.00   59.47   89.47   22.06
93             3.0        97.0         0.0         0.0         36.53          2.23          61.24           0.0     0.0     4.0   5393.0  15035.0  16.0    0.00    0.07   53.03   88.32   23.53
94             3.0        97.0         0.0         0.0         36.81          2.22          60.97           0.0     0.0     0.0   5229.0  14579.0  27.0    0.00    0.00   51.42   85.64   39.71
95             4.0        96.0         0.0         0.0         37.05          2.21          60.74           0.0     0.0  1360.0   5661.0  16087.0   5.0    0.00   22.14   55.67   94.50    7.35
96             3.0        97.0         0.0         0.0         37.34          2.20          60.46           0.0     0.0    24.0   5561.0  15619.0  23.0    0.00    0.39   54.69   91.75   33.82
97             4.0        89.0         0.0         7.0         37.98          2.18          59.84           0.0     0.0     0.0   5825.0  15142.0  18.0    0.00    0.00   57.28   88.95   26.47
98             4.0        96.0         0.0         0.0         38.34          2.17          59.49           0.0     0.0     0.0   5564.0  15780.0  11.0    0.00    0.00   54.72   92.69   16.18
99             3.0        95.0         0.0         2.0         38.31          2.17          59.53           0.0     0.0     0.0   5410.0  15352.0  28.0    0.00    0.00   53.20   90.18   41.18
100            3.0        97.0         0.0         0.0         37.58          2.19          60.23           0.0     0.0    16.0   5701.0  14872.0  35.0    0.00    0.26   56.06   87.36   51.47
101            3.0        97.0         0.0         0.0         37.47          2.20          60.33           0.0     0.0     0.0   5465.0  14571.0  18.0    0.00    0.00   53.74   85.59   26.47
102            3.0        94.0         0.0         3.0         37.47          2.17          60.36           0.0  5228.0     0.0   6092.0  15450.0  21.0   63.82    0.00   59.91   90.75   30.88
103            4.0        91.0         0.0         5.0         37.62          2.17          60.22           0.0     0.0     0.0   5475.0  14883.0  11.0    0.00    0.00   53.84   87.42   16.18
104            3.0        93.0         0.0         4.0         36.90          2.19          60.91           0.0     0.0     0.0   5659.0  14728.0  26.0    0.00    0.00   55.65   86.51   38.24
105            3.0        95.0         0.0         2.0         37.48          2.17          60.35           0.0     0.0    16.0   5800.0  15186.0   1.0    0.00    0.26   57.04   89.20    1.47
106            4.0        93.0         0.0         3.0         37.77          2.16          60.06           0.0     0.0     0.0   5647.0  15573.0  18.0    0.00    0.00   55.53   91.48   26.47
107            4.0        89.0         0.0         7.0         37.59          2.17          60.25           0.0     0.0     0.0   5759.0  14906.0  17.0    0.00    0.00   56.63   87.56   25.00
108            3.0        94.0         0.0         3.0         37.28          2.18          60.54           0.0     0.0     0.0   5689.0  15224.0   3.0    0.00    0.00   55.94   89.43    4.41
109            4.0        95.0         0.0         1.0         37.34          2.18          60.48           0.0     0.0     0.0   5467.0  15089.0  17.0    0.00    0.00   53.76   88.63   25.00
110            4.0        96.0         0.0         0.0         37.64          2.17          60.19           0.0     0.0    16.0   5682.0  14914.0  25.0    0.00    0.26   55.88   87.61   36.76
111            4.0        96.0         0.0         0.0         36.86          2.19          60.94           0.0     0.0     0.0   5186.0  14470.0  30.0    0.00    0.00   51.00   85.00   44.12
112            4.0        96.0         0.0         0.0         37.78          2.16          60.06           0.0     0.0     0.0   5772.0  15112.0  25.0    0.00    0.00   56.76   88.77   36.76
113            4.0        96.0         0.0         0.0         37.22          2.18          60.60           0.0   240.0     0.0   5927.0  14596.0  26.0    2.93    0.00   58.28   85.74   38.24
114            3.0        97.0         0.0         0.0         36.16          2.22          61.63           0.0     0.0     4.0   5129.0  14099.0  25.0    0.00    0.07   50.44   82.82   36.76
115            4.0        96.0         0.0         0.0         36.75          2.20          61.06           0.0     0.0    16.0   5488.0  13800.0  13.0    0.00    0.26   53.97   81.06   19.12
116            2.0        88.0         0.0        10.0         37.65          2.16          60.19           0.0     0.0     0.0   6107.0  14556.0  13.0    0.00    0.00   60.06   85.50   19.12
117            3.0        97.0         0.0         0.0         36.89          2.19          60.92           0.0     0.0     0.0   5628.0  14228.0  20.0    0.00    0.00   55.34   83.58   29.41
118            3.0        97.0         0.0         0.0         37.08          2.18          60.73           0.0     0.0     0.0   5748.0  14684.0  26.0    0.00    0.00   56.52   86.25   38.24
119            4.0        93.0         0.0         3.0         37.81          2.16          60.03           0.0     0.0     0.0   5463.0  14684.0   0.0    0.00    0.00   53.72   86.25    0.00
120            3.0        90.0         0.0         7.0         37.86          2.16          59.99           0.0     0.0    16.0   5729.0  15288.0  24.0    0.00    0.26   56.34   89.80   35.29
121            3.0        95.0         0.0         2.0         37.65          2.16          60.19           0.0     0.0     0.0   5662.0  15267.0  17.0    0.00    0.00   55.68   89.68   25.00
122            3.0        97.0         0.0         0.0         36.93          2.19          60.88           0.0     0.0     0.0   5546.0  15301.0  23.0    0.00    0.00   54.54   89.88   33.82
123            3.0        97.0         0.0         0.0         37.44          2.17          60.39           0.0     0.0     0.0   5885.0  15082.0  11.0    0.00    0.00   57.87   88.59   16.18
124            3.0        93.0         0.0         4.0         37.86          2.16          59.99           0.0     0.0     8.0   5888.0  15467.0   7.0    0.00    0.13   57.90   90.85   10.29
125            4.0        92.0         0.0         4.0         37.46          2.17          60.37           0.0     0.0    24.0   5379.0  15354.0  17.0    0.00    0.39   52.90   90.19   25.00
126            3.0        97.0         0.0         0.0         36.92          2.19          60.89           0.0     0.0  1328.0   5504.0  14634.0  28.0    0.00   21.61   54.13   85.96   41.18
127            3.0        97.0         0.0         0.0         37.35          2.18          60.47           0.0     0.0     0.0   5617.0  14542.0  21.0    0.00    0.00   55.24   85.42   30.88
128            3.0        88.0         0.0         9.0         37.90          2.16          59.94           0.0     0.0     0.0   6203.0  15187.0  10.0    0.00    0.00   61.00   89.21   14.71
129            3.0        93.0         0.0         4.0         37.84          2.16          60.01           0.0     0.0     0.0   5404.0  15372.0   7.0    0.00    0.00   53.14   90.30   10.29
130            3.0        90.0         0.0         7.0         38.02          2.15          59.82           0.0     0.0    28.0   5867.0  14938.0  15.0    0.00    0.46   57.69   87.75   22.06
131            2.0        96.0         0.0         2.0         37.65          2.17          60.19           0.0     0.0    20.0   5359.0  15984.0  11.0    0.00    0.33   52.70   93.89   16.18
132            4.0        92.0         0.0         4.0         37.47          2.17          60.36           0.0     0.0     0.0   5707.0  15263.0  30.0    0.00    0.00   56.12   89.66   44.12
133            3.0        95.0         0.0         2.0         37.73          2.16          60.11           0.0     0.0     0.0   5609.0  15763.0  14.0    0.00    0.00   55.16   92.59   20.59
134            3.0        96.0         0.0         1.0         36.76          2.16          61.09           0.0  8192.0     0.0   5855.0  15852.0  20.0  100.00    0.00   57.58   93.12   29.41
135            3.0        93.0         0.0         4.0         35.56          2.18          62.26           0.0  3080.0    16.0   6144.0  15620.0  18.0   37.60    0.26   60.42   91.75   26.47
136            3.0        91.0         0.0         6.0         36.14          2.16          61.70           0.0     0.0     0.0   5864.0  15288.0   9.0    0.00    0.00   57.67   89.80   13.24
137            2.0        88.0         0.0        10.0         36.29          2.16          61.55           0.0     0.0     0.0   5774.0  14535.0  17.0    0.00    0.00   56.78   85.38   25.00
138            4.0        94.0         0.0         2.0         36.03          2.17          61.81           0.0     0.0     0.0   5569.0  14991.0  19.0    0.00    0.00   54.76   88.06   27.94
139            2.0        94.0         0.0         4.0         36.05          2.17          61.78           0.0     0.0     0.0   5603.0  15174.0  14.0    0.00    0.00   55.10   89.13   20.59
140            4.0        86.0         0.0        10.0         36.10          2.17          61.74           0.0     0.0    16.0   6133.0  15412.0  20.0    0.00    0.26   60.31   90.53   29.41
141            3.0        96.0         0.0         1.0         35.80          2.18          62.02           0.0     0.0     0.0   5857.0  15470.0  17.0    0.00    0.00   57.60   90.87   25.00
142            3.0        87.0         0.0        10.0         36.09          2.17          61.74           0.0     0.0     0.0   6341.0  15476.0   0.0    0.00    0.00   62.36   90.91    0.00
143            3.0        91.0         0.0         6.0         36.26          2.16          61.58           0.0     0.0     0.0   6003.0  15628.0  20.0    0.00    0.00   59.03   91.80   29.41
144            3.0        91.0         0.0         6.0         36.25          2.16          61.59           0.0     0.0     0.0   5996.0  15604.0  10.0    0.00    0.00   58.96   91.66   14.71
145            4.0        84.0         0.0        12.0         35.80          2.18          62.03           0.0     0.0    20.0   5987.0  14639.0  12.0    0.00    0.33   58.88   85.99   17.65
146            3.0        95.0         0.0         2.0         34.19          2.19          63.62           0.0  8192.0     0.0   5951.0  15539.0   8.0  100.00    0.00   58.52   91.28   11.76
147            2.0        85.0         0.0        13.0         34.80          2.17          63.03           0.0     0.0     0.0   6101.0  15240.0   7.0    0.00    0.00   60.00   89.52   10.29
148            3.0        83.0         0.0        14.0         34.61          2.18          63.22           0.0     0.0     0.0   6298.0  14854.0   7.0    0.00    0.00   61.93   87.25   10.29
149            4.0        93.0         0.0         3.0         34.63          2.18          63.19           0.0     0.0     0.0   5540.0  14904.0  26.0    0.00    0.00   54.48   87.55   38.24
150            3.0        96.0         0.0         1.0         33.32          2.22          64.46           0.0     0.0    16.0   5630.0  15244.0  13.0    0.00    0.26   55.36   89.54   19.12
151            3.0        93.0         0.0         4.0         34.21          2.19          63.60           0.0     0.0     0.0   5859.0  15653.0  13.0    0.00    0.00   57.62   91.95   19.12
152            3.0        89.0         0.0         8.0         34.82          2.17          63.01           0.0     0.0     0.0   6289.0  15578.0   8.0    0.00    0.00   61.84   91.51   11.76
153            4.0        92.0         0.0         4.0         34.78          2.17          63.05           0.0     0.0     0.0   5689.0  15504.0  27.0    0.00    0.00   55.94   91.07   39.71
154            3.0        91.0         0.0         6.0         34.77          2.17          63.05           0.0     0.0     0.0   5779.0  16102.0   0.0    0.00    0.00   56.83   94.58    0.00
155            3.0        79.0         0.0        18.0         34.77          2.17          63.06           0.0     0.0    16.0   6258.0  14818.0  18.0    0.00    0.26   61.54   87.04   26.47
156            3.0        89.0         0.0         8.0         34.43          2.18          63.39           0.0     0.0     8.0   5989.0  15796.0   9.0    0.00    0.13   58.89   92.79   13.24
157            3.0        87.0         0.0        10.0         34.28          2.16          63.56           0.0  6084.0  1352.0   6123.0  15454.0  22.0   74.27   22.01   60.21   90.78   32.35
158            3.0        96.0         0.0         1.0         34.28          2.16          63.56           0.0     0.0     0.0   5725.0  15823.0  14.0    0.00    0.00   56.30   92.95   20.59
159            3.0        88.0         0.0         9.0         34.46          2.15          63.39           0.0     0.0     0.0   5933.0  15289.0   6.0    0.00    0.00   58.34   89.81    8.82
160            3.0        88.0         0.0         9.0         34.38          2.16          63.46           0.0     0.0    36.0   5956.0  15340.0   5.0    0.00    0.59   58.57   90.11    7.35
161            3.0        85.0         0.0        12.0         33.93          2.17          63.90           0.0     0.0     0.0   5945.0  14427.0  10.0    0.00    0.00   58.46   84.75   14.71
162            4.0        93.0         0.0         3.0         33.44          2.19          64.37           0.0     0.0     0.0   5453.0  15029.0  16.0    0.00    0.00   53.62   88.28   23.53
163            2.0        88.0         0.0        10.0         34.27          2.16          63.56           0.0     0.0     0.0   6005.0  16032.0  21.0    0.00    0.00   59.05   94.17   30.88
164            4.0        92.0         0.0         4.0         34.24          2.16          63.60           0.0     0.0     0.0   5839.0  16271.0  15.0    0.00    0.00   57.42   95.58   22.06
165            3.0        84.0         0.0        13.0         34.22          2.16          63.62           0.0     0.0    16.0   6255.0  15243.0  12.0    0.00    0.26   61.51   89.54   17.65
166            3.0        97.0         0.0         0.0         34.10          2.17          63.73           0.0     0.0    24.0   5321.0  15126.0  15.0    0.00    0.39   52.33   88.85   22.06
167            4.0        92.0         0.0         4.0         33.05          2.20          64.75           0.0     0.0     0.0   5929.0  15081.0  17.0    0.00    0.00   58.30   88.59   25.00
168            3.0        89.0         0.0         8.0         32.86          2.21          64.93           0.0     0.0     0.0   5675.0  15033.0  24.0    0.00    0.00   55.81   88.30   35.29
169            3.0        97.0         0.0         0.0         32.82          2.21          64.97           0.0     0.0     0.0   5313.0  15163.0  14.0    0.00    0.00   52.25   89.07   20.59
170            3.0        90.0         0.0         7.0         33.07          2.20          64.73           0.0     0.0    16.0   5708.0  15406.0   7.0    0.00    0.26   56.13   90.50   10.29
171            3.0        91.0         0.0         6.0         32.81          2.21          64.98           0.0     0.0     0.0   5754.0  14964.0   9.0    0.00    0.00   56.58   87.90   13.24
172            2.0        91.0         0.0         7.0         33.34          2.19          64.47           0.0     0.0     0.0   5965.0  15517.0  14.0    0.00    0.00   58.66   91.15   20.59
173            3.0        93.0         0.0         4.0         33.40          2.19          64.41           0.0     0.0     0.0   5889.0  15660.0   0.0    0.00    0.00   57.91   91.99    0.00
174            3.0        83.0         0.0        14.0         34.02          2.17          63.81           0.0     0.0     0.0   6472.0  15509.0   0.0    0.00    0.00   63.64   91.10    0.00
175            3.0        85.0         0.0        12.0         34.15          2.17          63.68           0.0     0.0    20.0   6080.0  15583.0  13.0    0.00    0.33   59.79   91.54   19.12
176            3.0        81.0         0.0        16.0         34.24          2.16          63.60           0.0     0.0     0.0   6514.0  15408.0  11.0    0.00    0.00   64.06   90.51   16.18
177            2.0        85.0         0.0        13.0         34.40          2.16          63.44           0.0     0.0     0.0   6306.0  15650.0  12.0    0.00    0.00   62.01   91.93   17.65
178            3.0        88.0         1.0         8.0         32.86          2.19          64.95           0.0  3644.0     0.0   6126.0  15327.0   7.0   44.48    0.00   60.24   90.03   10.29
179            3.0        87.0         0.0        10.0         33.04          2.18          64.78           0.0     0.0     0.0   6375.0  15585.0  14.0    0.00    0.00   62.69   91.55   20.59
180            3.0        92.0         0.0         5.0         32.94          2.19          64.87           0.0     0.0    16.0   6035.0  16295.0   0.0    0.00    0.26   59.35   95.72    0.00
181            3.0        85.0         0.0        12.0         33.42          2.17          64.41           0.0     0.0     0.0   6331.0  15545.0   0.0    0.00    0.00   62.26   91.31    0.00
182            3.0        88.0         0.0         9.0         33.46          2.17          64.37           0.0     0.0     0.0   6351.0  15418.0  22.0    0.00    0.00   62.45   90.57   32.35
183            4.0        96.0         0.0         0.0         32.54          2.20          65.26           0.0     0.0     0.0   5432.0  15640.0  14.0    0.00    0.00   53.42   91.87   20.59
184            2.0        91.0         0.0         7.0         33.02          2.19          64.79           0.0     0.0     0.0   5728.0  15437.0  16.0    0.00    0.00   56.33   90.68   23.53
185            3.0        96.0         0.0         1.0         33.12          2.18          64.70           0.0     0.0    16.0   5056.0  14895.0  31.0    0.00    0.26   49.72   87.49   45.59
186            3.0        97.0         0.0         0.0         32.09          2.22          65.70           0.0     0.0     0.0   5271.0  14749.0  23.0    0.00    0.00   51.83   86.64   33.82
187            3.0        96.0         0.0         1.0         32.70          2.20          65.10           0.0     0.0  1352.0   5623.0  14988.0  15.0    0.00   22.01   55.30   88.04   22.06
188            3.0        95.0         0.0         2.0         32.85          2.19          64.96           0.0   964.0     0.0   5919.0  15359.0  42.0   11.77    0.00   58.21   90.22   61.76
189            3.0        95.0         0.0         2.0         32.29          2.21          65.50           0.0     0.0     0.0   5698.0  15009.0   9.0    0.00    0.00   56.03   88.16   13.24
190            3.0        96.0         0.0         1.0         33.05          2.18          64.77           0.0     0.0    28.0   5418.0  15902.0  12.0    0.00    0.46   53.28   93.41   17.65
191            3.0        91.0         0.0         6.0         32.58          2.20          65.22           0.0     0.0     0.0   5624.0  15000.0  18.0    0.00    0.00   55.31   88.11   26.47
192            3.0        95.0         0.0         2.0         32.55          2.20          65.25           0.0     0.0     0.0   5524.0  15069.0  13.0    0.00    0.00   54.32   88.52   19.12
193            4.0        91.0         0.0         5.0         33.07          2.18          64.75           0.0     0.0     0.0   5716.0  15159.0  13.0    0.00    0.00   56.21   89.04   19.12
194            3.0        94.0         0.0         3.0         32.25          2.21          65.55           0.0     0.0     0.0   5593.0  15401.0  13.0    0.00    0.00   55.00   90.47   19.12
195            3.0        94.0         0.0         3.0         32.59          2.20          65.21           0.0     0.0    16.0   5607.0  15402.0  17.0    0.00    0.26   55.14   90.47   25.00
196            3.0        95.0         0.0         2.0         32.90          2.19          64.91           0.0     0.0     0.0   5604.0  15371.0   6.0    0.00    0.00   55.11   90.29    8.82
197            3.0        92.0         0.0         5.0         32.70          2.19          65.10           0.0     0.0     0.0   5848.0  15141.0  13.0    0.00    0.00   57.51   88.94   19.12
198            3.0        89.0         0.0         8.0         32.66          2.19          65.15           0.0     0.0     0.0   5791.0  15057.0  22.0    0.00    0.00   56.95   88.45   32.35
199            3.0        97.0         0.0         0.0         30.80          2.25          66.95           0.0     0.0     0.0   6144.0  15538.0  15.0    0.00    0.00   60.42   91.27   22.06
200            3.0        94.0         1.0         2.0         32.35          2.20          65.44           0.0     0.0    16.0   5497.0  15608.0  18.0    0.00    0.26   54.06   91.68   26.47
201            4.0        96.0         0.0         0.0         31.77          2.22          66.01           0.0     0.0    12.0   5694.0  15886.0  14.0    0.00    0.20   55.99   93.32   20.59
202            3.0        90.0         0.0         7.0         32.40          2.20          65.39           0.0     0.0     0.0   5578.0  16144.0  10.0    0.00    0.00   54.85   94.83   14.71
203            2.0        89.0         0.0         9.0         32.99          2.18          64.83           0.0     0.0     0.0   5802.0  15572.0  12.0    0.00    0.00   57.06   91.47   17.65
204            4.0        95.0         0.0         1.0         32.66          2.19          65.14           0.0     0.0     0.0   5584.0  15905.0   1.0    0.00    0.00   54.91   93.43    1.47
205            3.0        90.0         0.0         7.0         32.86          2.19          64.96           0.0     0.0    20.0   5590.0  14862.0  10.0    0.00    0.33   54.97   87.30   14.71
206            4.0        96.0         0.0         0.0         32.70          2.19          65.10           0.0     0.0     0.0   5566.0  15204.0   9.0    0.00    0.00   54.73   89.31   13.24
207            3.0        97.0         0.0         0.0         31.93          2.22          65.85           0.0     0.0     0.0   5317.0  15269.0  25.0    0.00    0.00   52.29   89.69   36.76
208            3.0        97.0         0.0         0.0         32.03          2.21          65.76           0.0     0.0     0.0   5738.0  14130.0  21.0    0.00    0.00   56.43   83.00   30.88
209            3.0        97.0         0.0         0.0         33.07          2.18          64.75           0.0     0.0     0.0   5627.0  15565.0  28.0    0.00    0.00   55.33   91.43   41.18
210            3.0        96.0         0.0         1.0         32.61          2.20          65.19           0.0     0.0    16.0   5822.0  15750.0   6.0    0.00    0.26   57.25   92.52    8.82
211            3.0        92.0         0.0         5.0         33.04          2.18          64.78           0.0     0.0     0.0   5592.0  14355.0  29.0    0.00    0.00   54.99   84.32   42.65
212            3.0        97.0         0.0         0.0         32.75          2.19          65.06           0.0     0.0     0.0   5370.0  15165.0  16.0    0.00    0.00   52.81   89.08   23.53
213            3.0        93.0         0.0         4.0         33.23          2.18          64.59           0.0     0.0     0.0   6031.0  14870.0   7.0    0.00    0.00   59.31   87.35   10.29
214            4.0        96.0         0.0         0.0         33.44          2.17          64.39           0.0     0.0     0.0   5631.0  15139.0  13.0    0.00    0.00   55.37   88.93   19.12
215            3.0        82.0         0.0        15.0         33.67          2.16          64.17           0.0     0.0    16.0   6458.0  14753.0   6.0    0.00    0.26   63.51   86.66    8.82
216            3.0        88.0         0.0         9.0         33.68          2.16          64.16           0.0     0.0     0.0   6414.0  15363.0  15.0    0.00    0.00   63.07   90.24   22.06
217            3.0        91.0         0.0         6.0         33.31          2.17          64.52           0.0     0.0     0.0   5895.0  15995.0  30.0    0.00    0.00   57.97   93.96   44.12
218            4.0        88.0         0.0         8.0         33.44          2.17          64.39           0.0     0.0  1348.0   5963.0  15977.0   4.0    0.00   21.94   58.64   93.85    5.88
219            3.0        91.0         0.0         6.0         33.73          2.16          64.11           0.0     0.0     8.0   6137.0  15756.0  12.0    0.00    0.13   60.35   92.55   17.65
220            2.0        95.0         0.0         3.0         33.39          2.17          64.44           0.0     0.0    36.0   5724.0  15329.0  13.0    0.00    0.59   56.29   90.04   19.12
221            4.0        96.0         0.0         0.0         33.38          2.17          64.45           0.0     0.0     0.0   5535.0  15554.0  14.0    0.00    0.00   54.43   91.37   20.59
222            3.0        93.0         0.0         4.0         33.68          2.16          64.16           0.0     0.0     0.0   5894.0  16089.0   3.0    0.00    0.00   57.96   94.51    4.41
223            3.0        87.0         0.0        10.0         33.66          2.16          64.18           0.0     0.0     0.0   6225.0  15460.0  12.0    0.00    0.00   61.22   90.81   17.65
224            3.0        93.0         0.0         4.0         33.47          2.17          64.36           0.0     0.0     0.0   5944.0  14961.0  20.0    0.00    0.00   58.45   87.88   29.41
225            3.0        91.0         0.0         6.0         33.31          2.17          64.51           0.0     0.0    16.0   5739.0  15013.0   2.0    0.00    0.26   56.44   88.19    2.94
226            3.0        92.0         0.0         5.0         32.61          2.20          65.19           0.0     0.0     0.0   6018.0  14965.0  15.0    0.00    0.00   59.18   87.91   22.06
227            4.0        94.0         0.0         2.0         32.82          2.19          64.99           0.0     0.0     0.0   5500.0  14678.0  12.0    0.00    0.00   54.09   86.22   17.65
228            2.0        97.0         0.0         1.0         33.12          2.18          64.70           0.0     0.0     0.0   5399.0  14520.0  23.0    0.00    0.00   53.09   85.29   33.82
229            3.0        97.0         0.0         0.0         32.62          2.19          65.18           0.0     0.0     0.0   5713.0  14582.0  13.0    0.00    0.00   56.18   85.66   19.12
230            3.0        95.0         0.0         2.0         32.78          2.19          65.03           0.0     0.0    16.0   5958.0  15767.0  18.0    0.00    0.26   58.59   92.62   26.47
231            3.0        91.0         0.0         6.0         33.29          2.17          64.53           0.0     0.0     0.0   5715.0  15149.0  14.0    0.00    0.00   56.20   88.99   20.59
232            3.0        91.0         0.0         6.0         33.26          2.17          64.56           0.0     0.0     0.0   5682.0  14510.0   8.0    0.00    0.00   55.88   85.23   11.76
233            2.0        91.0         0.0         7.0         33.17          2.18          64.65           0.0     0.0     0.0   5898.0  15587.0   0.0    0.00    0.00   58.00   91.56    0.00
234            3.0        85.0         0.0        12.0         32.43          2.20          65.37           0.0     0.0     4.0   6131.0  15464.0  27.0    0.00    0.07   60.29   90.84   39.71
235            3.0        93.0         1.0         3.0         32.69          2.19          65.12           0.0     0.0    16.0   5558.0  14760.0  14.0    0.00    0.26   54.66   86.70   20.59
236            4.0        88.0         0.0         8.0         32.84          2.19          64.97           0.0     0.0    24.0   5979.0  15719.0  12.0    0.00    0.39   58.80   92.33   17.65
237            3.0        92.0         0.0         5.0         32.92          2.19          64.89           0.0     0.0     0.0   5614.0  14731.0   7.0    0.00    0.00   55.21   86.53   10.29
238            4.0        93.0         0.0         3.0         32.39          2.20          65.40           0.0     0.0     0.0   5516.0  15107.0  18.0    0.00    0.00   54.24   88.74   26.47
239            2.0        91.0         0.0         7.0         32.97          2.18          64.85           0.0     0.0     0.0   6053.0  15655.0  10.0    0.00    0.00   59.52   91.96   14.71
240            3.0        89.0         0.0         8.0         33.22          2.18          64.61           0.0     0.0    16.0   6071.0  15843.0  17.0    0.00    0.26   59.70   93.06   25.00
241            3.0        86.0         0.0        11.0         32.82          2.19          64.99           0.0     0.0     0.0   6047.0  14778.0   0.0    0.00    0.00   59.47   86.81    0.00
242            2.0        91.0         0.0         7.0         32.91          2.19          64.90           0.0     0.0     0.0   5835.0  14752.0  17.0    0.00    0.00   57.38   86.65   25.00
243            3.0        92.0         0.0         5.0         32.94          2.18          64.88           0.0     0.0     0.0   5813.0  15672.0   8.0    0.00    0.00   57.16   92.06   11.76
244            3.0        90.0         0.0         7.0         33.06          2.18          64.76           0.0     0.0     0.0   5818.0  15316.0  24.0    0.00    0.00   57.21   89.97   35.29
245            3.0        91.0         0.0         6.0         32.55          2.20          65.25           0.0     0.0    16.0   5478.0  14411.0  29.0    0.00    0.26   53.87   84.65   42.65
246            4.0        92.0         0.0         4.0         32.69          2.19          65.12           0.0     0.0     0.0   5842.0  15501.0   9.0    0.00    0.00   57.45   91.05   13.24
247            3.0        90.0         0.0         7.0         32.87          2.19          64.94           0.0     0.0     0.0   5865.0  15358.0   8.0    0.00    0.00   57.68   90.21   11.76
248            3.0        93.0         0.0         4.0         32.72          2.19          65.09           0.0     0.0     0.0   5634.0  15671.0   5.0    0.00    0.00   55.40   92.05    7.35
249            3.0        94.0         0.0         3.0         32.86          2.19          64.95           0.0     0.0  1356.0   5354.0  15647.0  23.0    0.00   22.07   52.65   91.91   33.82
250            3.0        95.0         0.0         2.0         32.60          2.20          65.21           0.0     0.0    44.0   5151.0  15188.0  13.0    0.00    0.72   50.65   89.22   19.12
251            3.0        85.0         0.0        12.0         32.70          2.19          65.10           0.0     0.0     0.0   5976.0  15110.0   0.0    0.00    0.00   58.77   88.76    0.00
252            2.0        86.0         0.0        12.0         32.96          2.18          64.86           0.0     0.0     0.0   6029.0  15478.0  19.0    0.00    0.00   59.29   90.92   27.94
253            3.0        95.0         0.0         2.0         32.77          2.19          65.04           0.0     0.0     0.0   5044.0  15472.0  27.0    0.00    0.00   49.60   90.88   39.71
254            3.0        84.0         0.0        13.0         32.92          2.19          64.89           0.0     0.0     0.0   6089.0  14935.0   4.0    0.00    0.00   59.88   87.73    5.88
255            3.0        92.0         0.0         5.0         33.00          2.18          64.82           0.0     0.0    16.0   5610.0  15527.0  18.0    0.00    0.26   55.17   91.21   26.47
256            3.0        97.0         0.0         0.0         32.83          2.19          64.99           0.0     0.0     0.0   5222.0  15424.0   0.0    0.00    0.00   51.35   90.60    0.00
257            3.0        94.0         0.0         3.0         32.86          2.19          64.95           0.0     0.0     0.0   5223.0  14996.0  10.0    0.00    0.00   51.36   88.09   14.71
258            3.0        94.0         0.0         3.0         31.92          2.22          65.86           0.0     0.0     0.0   5436.0  15465.0  31.0    0.00    0.00   53.46   90.84   45.59
259            3.0        83.0         0.0        14.0         32.35          2.20          65.45           0.0     0.0     0.0   5911.0  15052.0  22.0    0.00    0.00   58.13   88.42   32.35
260            3.0        90.0         0.0         7.0         33.04          2.18          64.77           0.0     0.0    16.0   5645.0  15438.0  11.0    0.00    0.26   55.51   90.68   16.18
261            3.0        97.0         0.0         0.0         32.12          2.21          65.66           0.0     0.0     0.0   5274.0  15528.0  32.0    0.00    0.00   51.86   91.21   47.06
262            3.0        97.0         0.0         0.0         32.06          2.21          65.73           0.0     0.0     0.0   5294.0  15419.0  20.0    0.00    0.00   52.06   90.57   29.41
263            3.0        93.0         0.0         4.0         32.81          2.19          65.00           0.0     0.0     0.0   5922.0  15456.0   4.0    0.00    0.00   58.24   90.79    5.88
264            4.0        90.0         0.0         6.0         32.97          2.18          64.84           0.0     0.0     0.0   6168.0  15757.0  20.0    0.00    0.00   60.65   92.56   29.41
265            3.0        94.0         0.0         3.0         33.13          2.18          64.69           0.0     0.0    20.0   5837.0  15253.0   6.0    0.00    0.33   57.40   89.60    8.82
266            3.0        90.0         0.0         7.0         32.90          2.19          64.91           0.0     0.0     0.0   6088.0  14902.0  20.0    0.00    0.00   59.87   87.54   29.41
267            3.0        97.0         0.0         0.0         31.74          2.22          66.04           0.0     0.0     0.0   5238.0  15424.0  13.0    0.00    0.00   51.51   90.60   19.12
268            3.0        97.0         0.0         0.0         32.06          2.21          65.72           0.0     0.0     0.0   5892.0  15429.0   9.0    0.00    0.00   57.94   90.63   13.24
269            3.0        88.0         0.0         9.0         32.29          2.21          65.51           0.0     0.0     0.0   6340.0  15476.0   5.0    0.00    0.00   62.35   90.91    7.35
270            3.0        94.0         0.0         3.0         32.41          2.20          65.39           0.0     0.0    16.0   5649.0  14952.0  22.0    0.00    0.26   55.55   87.83   32.35
271            3.0        94.0         0.0         3.0         32.67          2.19          65.14           0.0     0.0    24.0   5690.0  15300.0  19.0    0.00    0.39   55.95   89.87   27.94
272            3.0        95.0         0.0         2.0         32.35          2.20          65.44           0.0     0.0     0.0   5554.0  14765.0  31.0    0.00    0.00   54.62   86.73   45.59
273            3.0        97.0         0.0         0.0         32.38          2.20          65.41           0.0     0.0     0.0   5085.0  13771.0  22.0    0.00    0.00   50.00   80.89   32.35
274            4.0        96.0         0.0         0.0         32.28          2.21          65.51           0.0     0.0     0.0   5388.0  14421.0   1.0    0.00    0.00   52.98   84.71    1.47
275            3.0        89.0         0.0         8.0         32.48          2.20          65.32           0.0     0.0    16.0   6243.0  15434.0  14.0    0.00    0.26   61.39   90.66   20.59
276            3.0        94.0         0.0         3.0         32.23          2.21          65.56           0.0     0.0     0.0   5697.0  15800.0  22.0    0.00    0.00   56.02   92.81   32.35
277            2.0        97.0         0.0         1.0         32.38          2.20          65.42           0.0     0.0     0.0   5584.0  14576.0  13.0    0.00    0.00   54.91   85.62   19.12
278            3.0        89.0         0.0         8.0         32.60          2.20          65.20           0.0     0.0     0.0   5898.0  15170.0  14.0    0.00    0.00   58.00   89.11   20.59
279            3.0        92.0         0.0         5.0         32.73          2.19          65.08           0.0     0.0  1348.0   6080.0  14589.0  16.0    0.00   21.94   59.79   85.70   23.53
280            3.0        88.0         0.0         9.0         32.90          2.19          64.91           0.0     0.0    28.0   6027.0  15351.0  18.0    0.00    0.46   59.27   90.17   26.47
281            2.0        90.0         0.0         8.0         33.12          2.18          64.70           0.0     0.0     4.0   6014.0  15251.0   9.0    0.00    0.07   59.14   89.59   13.24
282            4.0        88.0         0.0         8.0         32.88          2.19          64.93           0.0     0.0     0.0   5909.0  15504.0  12.0    0.00    0.00   58.11   91.07   17.65
283            2.0        89.0         0.0         9.0         33.13          2.18          64.69           0.0     0.0     0.0   6046.0  15676.0  15.0    0.00    0.00   59.46   92.08   22.06
284            4.0        94.0         0.0         2.0         32.31          2.21          65.48           0.0     0.0     0.0   5427.0  15361.0  21.0    0.00    0.00   53.37   90.23   30.88
285            3.0        92.0         0.0         5.0         32.54          2.20          65.26           0.0     0.0    16.0   6324.0  15576.0   3.0    0.00    0.26   62.19   91.49    4.41
286            3.0        88.0         0.0         9.0         32.73          2.19          65.08           0.0     0.0     0.0   6193.0  15265.0  16.0    0.00    0.00   60.90   89.67   23.53
287            4.0        96.0         0.0         0.0         31.80          2.22          65.98           0.0     0.0     0.0   5090.0  13218.0  31.0    0.00    0.00   50.05   77.64   45.59
288            3.0        97.0         0.0         0.0         32.15          2.21          65.63           0.0     0.0     0.0   5413.0  14792.0  28.0    0.00    0.00   53.23   86.89   41.18
289            4.0        96.0         0.0         0.0         32.09          2.21          65.69           0.0     0.0     0.0   5373.0  14524.0  25.0    0.00    0.00   52.84   85.31   36.76
290            2.0        98.0         0.0         0.0         31.81          2.22          65.97           0.0     0.0    16.0   5157.0  14636.0  36.0    0.00    0.26   50.71   85.97   52.94
291            4.0        96.0         0.0         0.0         32.09          2.21          65.69           0.0     0.0     0.0   5625.0  15670.0  21.0    0.00    0.00   55.32   92.05   30.88
292            3.0        90.0         0.0         7.0         32.36          2.20          65.44           0.0     0.0     0.0   5852.0  14930.0  19.0    0.00    0.00   57.55   87.70   27.94
293            3.0        84.0         0.0        13.0         32.50          2.20          65.30           0.0     0.0     4.0   6284.0  14880.0   2.0    0.00    0.07   61.80   87.41    2.94
294            4.0        90.0         0.0         6.0         32.85          2.19          64.96           0.0     0.0     0.0   5871.0  15377.0   5.0    0.00    0.00   57.73   90.33    7.35
295            3.0        88.0         0.0         9.0         32.83          2.19          64.98           0.0     0.0    16.0   6002.0  14865.0  24.0    0.00    0.26   59.02   87.32   35.29
296            3.0        84.0         0.0        13.0         32.59          2.20          65.21           0.0     0.0     0.0   6249.0  14349.0  35.0    0.00    0.00   61.45   84.29   51.47
297            3.0        97.0         0.0         0.0         32.38          2.21          65.41           0.0     0.0  2068.0   5583.0  15504.0  14.0    0.00   33.66   54.90   91.07   20.59
298            3.0        81.0         0.0        16.0         32.57          2.20          65.24           0.0     0.0     0.0   6008.0  15528.0   0.0    0.00    0.00   59.08   91.21    0.00
299            3.0        88.0         0.0         9.0         32.79          2.19          65.02           0.0     0.0     0.0   5569.0  14846.0   6.0    0.00    0.00   54.76   87.21    8.82
300            3.0        96.0         0.0         1.0         32.53          2.20          65.27           0.0     0.0  2148.0   5735.0  15287.0  12.0    0.00   34.96   56.40   89.80   17.65
301            4.0        89.0         0.0         7.0         31.91          2.22          65.86           0.0     0.0     0.0   5813.0  14623.0  19.0    0.00    0.00   57.16   85.90   27.94
302            4.0        95.0         0.0         1.0         31.41          2.24          66.36           0.0     0.0     0.0   5956.0  15662.0  18.0    0.00    0.00   58.57   92.00   26.47
303            3.0        88.0         0.0         9.0         32.00          2.22          65.78           0.0     0.0     0.0   5656.0  15102.0  19.0    0.00    0.00   55.62   88.71   27.94
304            3.0        89.0         0.0         8.0         32.07          2.22          65.71           0.0     0.0     0.0   5934.0  15400.0  21.0    0.00    0.00   58.35   90.46   30.88
305            4.0        92.0         0.0         4.0         32.18          2.21          65.61           0.0     0.0    24.0   5658.0  14468.0  23.0    0.00    0.39   55.64   84.99   33.82
306            3.0        93.0         0.0         4.0         32.20          2.21          65.59           0.0     0.0    44.0   5311.0  13498.0  36.0    0.00    0.72   52.23   79.29   52.94
307            4.0        96.0         0.0         0.0         31.84          2.22          65.94           0.0     0.0     0.0   5218.0  14890.0  27.0    0.00    0.00   51.31   87.46   39.71
308            3.0        94.0         0.0         3.0         31.92          2.22          65.85           0.0     0.0     0.0   5831.0  15988.0  24.0    0.00    0.00   57.34   93.91   35.29
309            3.0        92.0         0.0         5.0         32.07          2.22          65.71           0.0     0.0     0.0   5745.0  15303.0  33.0    0.00    0.00   56.50   89.89   48.53
310            4.0        91.0         0.0         5.0         32.29          2.21          65.50           0.0     0.0    16.0   5851.0  15269.0   0.0    0.00    0.26   57.54   89.69    0.00
311            4.0        90.0         0.0         6.0         32.45          2.20          65.35           0.0     0.0  1384.0   5416.0  15186.0   1.0    0.00   22.53   53.26   89.20    1.47
312            3.0        89.0         0.0         8.0         32.56          2.20          65.24           0.0     0.0     8.0   5577.0  15126.0  15.0    0.00    0.13   54.84   88.85   22.06
313            2.0        91.0         0.0         7.0         32.68          2.20          65.12           0.0     0.0     0.0   5698.0  14528.0  30.0    0.00    0.00   56.03   85.34   44.12
314            3.0        94.0         0.0         3.0         32.23          2.21          65.56           0.0     0.0     0.0   5713.0  16207.0  34.0    0.00    0.00   56.18   95.20   50.00
315            3.0        89.0         0.0         8.0         32.17          2.21          65.61           0.0     0.0    44.0   5744.0  15227.0  11.0    0.00    0.72   56.49   89.44   16.18
316            4.0        89.0         0.0         7.0         32.31          2.21          65.48           0.0     0.0     0.0   5993.0  14694.0   7.0    0.00    0.00   58.93   86.31   10.29
317            2.0        96.0         0.0         2.0         32.44          2.21          65.35           0.0     0.0     0.0   5415.0  14908.0  29.0    0.00    0.00   53.25   87.57   42.65
318            4.0        84.0         0.0        12.0         32.64          2.20          65.16           0.0     0.0     0.0   5889.0  14678.0  10.0    0.00    0.00   57.91   86.22   14.71
319            3.0        89.0         0.0         8.0         32.02          2.22          65.76           0.0     0.0     0.0   5946.0  15503.0   4.0    0.00    0.00   58.47   91.07    5.88
320            4.0        95.0         0.0         1.0         31.54          2.23          66.23           0.0     0.0    16.0   5217.0  15599.0  41.0    0.00    0.26   51.30   91.63   60.29
321            3.0        87.0         0.0        10.0         31.92          2.22          65.86           0.0     0.0     0.0   5800.0  15021.0   3.0    0.00    0.00   57.04   88.23    4.41
322            3.0        84.0         0.0        13.0         32.13          2.22          65.65           0.0     0.0     0.0   6047.0  15102.0   9.0    0.00    0.00   59.47   88.71   13.24
323            3.0        89.0         0.0         8.0         32.34          2.21          65.45           0.0     0.0     0.0   6016.0  15323.0   8.0    0.00    0.00   59.16   90.01   11.76
324            3.0        95.0         0.0         2.0         31.75          2.23          66.03           0.0     0.0     0.0   5273.0  14844.0  21.0    0.00    0.00   51.85   87.19   30.88
325            4.0        91.0         0.0         5.0         31.90          2.22          65.87           0.0     0.0    20.0   5812.0  16013.0   8.0    0.00    0.33   57.15   94.06   11.76
326            3.0        88.0         0.0         9.0         32.02          2.22          65.76           0.0     0.0     0.0   5816.0  15749.0  13.0    0.00    0.00   57.19   92.51   19.12
327            3.0        89.0         0.0         8.0         32.12          2.22          65.67           0.0     0.0     0.0   5635.0  15597.0  22.0    0.00    0.00   55.41   91.62   32.35
328            3.0        92.0         0.0         5.0         32.24          2.21          65.55           0.0     0.0  6144.0   5687.0  15456.0  12.0    0.00  100.00   55.92   90.79   17.65
329            3.0        91.0         0.0         6.0         32.02          2.22          65.77           0.0     0.0     0.0   5744.0  15556.0  15.0    0.00    0.00   56.49   91.38   22.06
330            3.0        82.0         0.0        15.0         32.12          2.22          65.67           0.0     0.0    32.0   6295.0  14454.0  21.0    0.00    0.52   61.90   84.90   30.88
331            3.0        93.0         0.0         4.0         31.67          2.23          66.10           0.0     0.0     0.0   5744.0  15532.0   0.0    0.00    0.00   56.49   91.24    0.00
332            4.0        96.0         0.0         0.0         31.88          2.22          65.89           0.0     0.0     0.0   5049.0  14136.0  33.0    0.00    0.00   49.65   83.04   48.53
333            3.0        94.0         0.0         3.0         32.21          2.21          65.57           0.0     0.0     0.0   5987.0  16270.0  12.0    0.00    0.00   58.88   95.57   17.65
334            3.0        92.0         0.0         5.0         32.38          2.21          65.41           0.0     0.0     0.0   5541.0  14998.0  32.0    0.00    0.00   54.49   88.10   47.06
335            4.0        96.0         0.0         0.0         31.67          2.23          66.10           0.0     0.0    16.0   5010.0  15429.0  57.0    0.00    0.26   49.27   90.63   83.82
336            2.0        98.0         0.0         0.0         30.94          2.26          66.81           0.0     0.0     0.0   4785.0  14114.0  22.0    0.00    0.00   47.05   82.91   32.35
337            4.0        96.0         0.0         0.0         31.02          2.25          66.73           0.0     0.0     0.0   5461.0  14384.0  30.0    0.00    0.00   53.70   84.49   44.12
338            3.0        97.0         0.0         0.0         31.06          2.25          66.69           0.0     0.0     0.0   5696.0  15018.0  17.0    0.00    0.00   56.01   88.22   25.00
339            3.0        94.0         0.0         3.0         31.07          2.25          66.68           0.0     0.0     0.0   9076.0  15812.0  10.0    0.00    0.00   89.25   92.88   14.71
340            3.0        88.0         0.0         9.0         31.24          2.25          66.52           0.0     0.0    16.0   8238.0  14576.0  21.0    0.00    0.26   81.01   85.62   30.88
341            4.0        96.0         0.0         0.0         30.79          2.26          66.95           0.0     0.0     0.0   7190.0  14800.0  41.0    0.00    0.00   70.71   86.94   60.29
342            3.0        97.0         0.0         0.0         30.51          2.27          67.22           0.0     0.0  1380.0   6631.0  14700.0  23.0    0.00   22.46   65.21   86.35   33.82
343            4.0        96.0         0.0         0.0         29.46          2.30          68.24           0.0     0.0     8.0   6385.0  13745.0  48.0    0.00    0.13   62.79   80.74   70.59
344            3.0        97.0         0.0         0.0         29.91          2.29          67.80           0.0     0.0     0.0   6405.0  14490.0  46.0    0.00    0.00   62.99   85.12   67.65
345            3.0        97.0         0.0         0.0         30.13          2.28          67.59           0.0     0.0    36.0   6453.0  13831.0  21.0    0.00    0.59   63.46   81.24   30.88
346            3.0        97.0         0.0         0.0         30.23          2.28          67.49           0.0     0.0     0.0   4832.0  14186.0  14.0    0.00    0.00   47.52   83.33   20.59
347            3.0        97.0         0.0         0.0         30.28          2.28          67.44           0.0     0.0     0.0   3736.0  15474.0  29.0    0.00    0.00   36.74   90.90   42.65
348            4.0        96.0         0.0         0.0         29.16          2.31          68.53           0.0     0.0     0.0   3583.0  14957.0  22.0    0.00    0.00   35.23   87.86   32.35
349            3.0        97.0         0.0         0.0         29.01          2.32          68.68           0.0     0.0     0.0   5301.0  14960.0  29.0    0.00    0.00   52.13   87.88   42.65
350            4.0        96.0         0.0         0.0         29.08          2.32          68.60           0.0     0.0    16.0   5510.0  13993.0  37.0    0.00    0.26   54.18   82.20   54.41
351            2.0        98.0         0.0         0.0         29.15          2.31          68.54           0.0     0.0     0.0   4033.0  14610.0  26.0    0.00    0.00   39.66   85.82   38.24
352            4.0        96.0         0.0         0.0         29.13          2.31          68.56           0.0     0.0     0.0   3768.0  14935.0  28.0    0.00    0.00   37.05   87.73   41.18
353            4.0        96.0         0.0         0.0         29.04          2.32          68.65           0.0     0.0     0.0   4317.0  15781.0  20.0    0.00    0.00   42.45   92.70   29.41
354            4.0        94.0         0.0         2.0         29.19          2.31          68.50           0.0     0.0     4.0  10169.0  14639.0  30.0    0.00    0.07  100.00   85.99   44.12
355            3.0        97.0         0.0         0.0         29.17          2.31          68.52           0.0     0.0    16.0   8021.0  15378.0  24.0    0.00    0.26   78.88   90.33   35.29
356            3.0        96.0         0.0         1.0         29.33          2.31          68.36           0.0     0.0     0.0   7994.0  14647.0  42.0    0.00    0.00   78.61   86.04   61.76
357            3.0        97.0         0.0         0.0         28.40          2.34          69.26           0.0     0.0     0.0   7593.0  14688.0  55.0    0.00    0.00   74.67   86.28   80.88
358            4.0        96.0         0.0         0.0         28.29          2.34          69.37           0.0     0.0     0.0   6793.0  14713.0  39.0    0.00    0.00   66.80   86.43   57.35
359            3.0        97.0         0.0         0.0         28.43          2.34          69.23           0.0     0.0     0.0   6976.0  15176.0  40.0    0.00    0.00   68.60   89.14   58.82
360            4.0        96.0         0.0         0.0         28.71          2.33          68.96           0.0     0.0    16.0   7577.0  14983.0  19.0    0.00    0.26   74.51   88.01   27.94
361            4.0        92.0         0.0         4.0         28.84          2.32          68.83           0.0     0.0     0.0   8331.0  15314.0   0.0    0.00    0.00   81.93   89.96    0.00
362            3.0        94.0         0.0         3.0         29.13          2.31          68.55           0.0     0.0     0.0   7326.0  14398.0  18.0    0.00    0.00   72.04   84.57   26.47
363            4.0        96.0         0.0         0.0         29.11          2.31          68.57           0.0     0.0     0.0   6632.0  14206.0  42.0    0.00    0.00   65.22   83.45   61.76
364            3.0        97.0         0.0         0.0         28.65          2.33          69.02           0.0     0.0     0.0   6641.0  13668.0  26.0    0.00    0.00   65.31   80.29   38.24
365            4.0        96.0         0.0         0.0         28.77          2.33          68.91           0.0     0.0    16.0   5956.0  13468.0  34.0    0.00    0.26   58.57   79.11   50.00
366            3.0        97.0         0.0         0.0         29.05          2.32          68.63           0.0     0.0     0.0   7355.0  13910.0  44.0    0.00    0.00   72.33   81.71   64.71
367            3.0        93.0         0.0         4.0         29.28          2.31          68.41           0.0     0.0     0.0   7590.0  15247.0  21.0    0.00    0.00   74.64   89.56   30.88
368            3.0        91.0         0.0         6.0         29.74          2.29          67.96           0.0     0.0     0.0   7239.0  16112.0   1.0    0.00    0.00   71.19   94.64    1.47
369            3.0        84.0         0.0        13.0         29.65          2.30          68.05           0.0     0.0     0.0   7626.0  15636.0   7.0    0.00    0.00   74.99   91.85   10.29
370            4.0        87.0         0.0         9.0         30.22          2.28          67.50           0.0     0.0    16.0   7020.0  15156.0   0.0    0.00    0.26   69.03   89.03    0.00
371            2.0        85.0         0.0        13.0         30.38          2.27          67.35           0.0     0.0     0.0   7322.0  14580.0  10.0    0.00    0.00   72.00   85.64   14.71
372            4.0        93.0         0.0         3.0         30.10          2.28          67.62           0.0     0.0     0.0   6714.0  15721.0  16.0    0.00    0.00   66.02   92.35   23.53
373            3.0        97.0         0.0         0.0         29.86          2.29          67.85           0.0     0.0  1324.0   6346.0  15430.0  11.0    0.00   21.55   62.41   90.64   16.18
374            3.0        85.0         0.0        12.0         30.19          2.28          67.53           0.0     0.0     4.0   7204.0  15692.0   8.0    0.00    0.07   70.84   92.18   11.76
375            3.0        95.0         0.0         2.0         29.82          2.29          67.89           0.0     0.0    28.0   6442.0  15572.0  28.0    0.00    0.46   63.35   91.47   41.18
376            3.0        83.0         0.0        14.0         30.10          2.28          67.62           0.0     0.0     0.0   7187.0  15142.0  12.0    0.00    0.00   70.68   88.95   17.65
377            3.0        85.0         0.0        12.0         29.96          2.29          67.76           0.0     0.0     0.0   7041.0  15415.0  22.0    0.00    0.00   69.24   90.55   32.35
378            3.0        89.0         0.0         8.0         30.08          2.28          67.63           0.0     0.0    20.0   6712.0  14976.0  16.0    0.00    0.33   66.00   87.97   23.53
379            3.0        83.0         0.0        14.0         30.25          2.28          67.47           0.0     0.0     0.0   6615.0  14429.0   4.0    0.00    0.00   65.05   84.76    5.88
380            3.0        90.0         0.0         7.0         30.04          2.28          67.67           0.0     0.0    16.0   6660.0  14672.0  15.0    0.00    0.26   65.49   86.18   22.06
381            4.0        95.0         0.0         1.0         29.62          2.30          68.08           0.0     0.0     0.0   6365.0  15447.0  12.0    0.00    0.00   62.59   90.74   17.65
382            2.0        92.0         0.0         6.0         29.85          2.29          67.86           0.0     0.0     0.0   6627.0  15080.0   3.0    0.00    0.00   65.17   88.58    4.41
383            4.0        88.0         0.0         8.0         30.02          2.28          67.70           0.0     0.0     4.0   6549.0  14781.0  13.0    0.00    0.07   64.40   86.82   19.12
384            4.0        90.0         0.0         6.0         30.14          2.28          67.58           0.0     0.0     0.0   6684.0  15258.0  17.0    0.00    0.00   65.73   89.63   25.00
385            3.0        92.0         0.0         5.0         30.05          2.28          67.67           0.0     0.0    20.0   6345.0  15358.0  21.0    0.00    0.33   62.40   90.21   30.88
386            4.0        94.0         0.0         2.0         30.16          2.28          67.56           0.0     0.0     0.0   6840.0  15449.0  46.0    0.00    0.00   67.26   90.75   67.65
387            3.0        94.0         0.0         3.0         30.17          2.28          67.55           0.0     0.0     0.0   6365.0  15454.0  13.0    0.00    0.00   62.59   90.78   19.12
388            4.0        81.0         0.0        15.0         30.28          2.28          67.45           0.0     0.0     0.0   7312.0  15174.0   1.0    0.00    0.00   71.90   89.13    1.47
389            2.0        87.0         0.0        11.0         30.49          2.27          67.24           0.0     0.0     0.0   7074.0  15976.0   3.0    0.00    0.00   69.56   93.84    4.41
390            4.0        90.0         0.0         6.0         30.34          2.27          67.38           0.0     0.0    16.0   6616.0  15583.0  15.0    0.00    0.26   65.06   91.54   22.06
391            3.0        86.0         0.0        11.0         30.27          2.28          67.46           0.0     0.0     0.0   6898.0  15700.0  35.0    0.00    0.00   67.83   92.22   51.47
392            3.0        92.0         0.0         5.0         30.34          2.27          67.38           0.0     0.0     0.0   6661.0  15935.0   4.0    0.00    0.00   65.50   93.60    5.88
393            3.0        83.0         0.0        14.0         30.49          2.27          67.24           0.0     0.0     0.0   6955.0  15248.0   0.0    0.00    0.00   68.39   89.57    0.00
394            4.0        78.0         0.0        18.0         30.55          2.27          67.18           0.0     0.0     0.0   6970.0  15386.0   0.0    0.00    0.00   68.54   90.38    0.00
395            3.0        84.0         0.0        13.0         30.54          2.27          67.19           0.0     0.0    16.0   6900.0  15085.0   0.0    0.00    0.26   67.85   88.61    0.00
396            3.0        84.0         0.0        13.0         30.25          2.28          67.47           0.0     0.0     0.0   6960.0  15844.0  23.0    0.00    0.00   68.44   93.07   33.82
397            3.0        83.0         0.0        14.0         30.39          2.27          67.33           0.0     0.0     0.0   7121.0  15372.0  18.0    0.00    0.00   70.03   90.30   26.47
398            3.0        80.0         0.0        17.0         29.94          2.29          67.78           0.0     0.0     0.0   7432.0  15577.0  18.0    0.00    0.00   73.08   91.50   26.47
399            3.0        83.0         0.0        14.0         30.06          2.28          67.66           0.0     0.0     0.0   7098.0  15610.0  11.0    0.00    0.00   69.80   91.69   16.18
400            3.0        82.0         0.0        15.0         30.21          2.28          67.51           0.0     0.0    16.0   7626.0  15666.0   2.0    0.00    0.26   74.99   92.02    2.94
401            3.0        85.0         0.0        12.0         30.41          2.27          67.32           0.0     0.0     0.0   7153.0  15731.0  10.0    0.00    0.00   70.34   92.40   14.71
402            2.0        82.0         0.0        16.0         30.42          2.27          67.31           0.0     0.0     0.0   7281.0  15100.0   4.0    0.00    0.00   71.60   88.70    5.88
403            3.0        89.0         0.0         8.0         30.21          2.28          67.51           0.0     0.0  1356.0   6909.0  15411.0  40.0    0.00   22.07   67.94   90.53   58.82
404            3.0        87.0         0.0        10.0         30.10          2.28          67.62           0.0     0.0     0.0   7030.0  15906.0  17.0    0.00    0.00   69.13   93.43   25.00
405            4.0        91.0         0.0         5.0         30.40          2.27          67.33           0.0     0.0    36.0   7006.0  15833.0   0.0    0.00    0.59   68.90   93.00    0.00
406            2.0        76.0         0.0        22.0         30.60          2.27          67.13           0.0     0.0     0.0   7403.0  15189.0  11.0    0.00    0.00   72.80   89.22   16.18
407            3.0        85.0         0.0        12.0         30.25          2.28          67.47           0.0     0.0     0.0   7049.0  15950.0  12.0    0.00    0.00   69.32   93.69   17.65
408            3.0        85.0         0.0        12.0         30.13          2.28          67.59           0.0     0.0     0.0   7246.0  16019.0  13.0    0.00    0.00   71.26   94.10   19.12
409            3.0        83.0         0.0        14.0         30.12          2.28          67.60           0.0     0.0     0.0   6956.0  15706.0  34.0    0.00    0.00   68.40   92.26   50.00
410            3.0        88.0         0.0         9.0         30.29          2.28          67.44           0.0     0.0    24.0   7024.0  15813.0   2.0    0.00    0.39   69.07   92.89    2.94
411            3.0        90.0         0.0         7.0         30.02          2.28          67.70           0.0     0.0     0.0   6645.0  15876.0  10.0    0.00    0.00   65.35   93.26   14.71
412            3.0        88.0         0.0         9.0         30.06          2.28          67.66           0.0     0.0     0.0   7066.0  15760.0   0.0    0.00    0.00   69.49   92.58    0.00
413            3.0        83.0         0.0        14.0         30.23          2.28          67.49           0.0     0.0    28.0   6935.0  14848.0  15.0    0.00    0.46   68.20   87.22   22.06
414            4.0        91.0         0.0         5.0         29.03          2.32          68.65           0.0     0.0     0.0   6753.0  15686.0  28.0    0.00    0.00   66.41   92.14   41.18
415            3.0        97.0         0.0         0.0         29.19          2.31          68.49           0.0     0.0    16.0   6712.0  16110.0  16.0    0.00    0.26   66.00   94.63   23.53
416            3.0        91.0         0.0         6.0         29.68          2.30          68.03           0.0     0.0     0.0   6855.0  15135.0   5.0    0.00    0.00   67.41   88.90    7.35
417            4.0        90.0         0.0         6.0         29.90          2.29          67.81           0.0     0.0     0.0   6833.0  15708.0  34.0    0.00    0.00   67.19   92.27   50.00
418            2.0        90.0         0.0         8.0         29.83          2.29          67.88           0.0     0.0     0.0   6790.0  16033.0   2.0    0.00    0.00   66.77   94.18    2.94
419            3.0        85.0         0.0        12.0         29.95          2.29          67.77           0.0     0.0     0.0   7331.0  15141.0   5.0    0.00    0.00   72.09   88.94    7.35
420            4.0        83.0         0.0        13.0         30.07          2.28          67.64           0.0     0.0    16.0   7230.0  14932.0  12.0    0.00    0.26   71.10   87.71   17.65
421            3.0        88.0         0.0         9.0         30.17          2.28          67.55           0.0     0.0     0.0   6855.0  15585.0  18.0    0.00    0.00   67.41   91.55   26.47
422            2.0        98.0         0.0         0.0         29.36          2.31          68.33           0.0     0.0     0.0   6186.0  14917.0  31.0    0.00    0.00   60.83   87.62   45.59
423            4.0        95.0         0.0         1.0         29.53          2.30          68.17           0.0     0.0     0.0   6318.0  15279.0  17.0    0.00    0.00   62.13   89.75   25.00
424            4.0        96.0         0.0         0.0         29.52          2.30          68.17           0.0     0.0     0.0   6187.0  14650.0  41.0    0.00    0.00   60.84   86.05   60.29
425            3.0        97.0         0.0         0.0         29.39          2.31          68.30           0.0     0.0    16.0   6079.0  14447.0  37.0    0.00    0.26   59.78   84.86   54.41
426            4.0        96.0         0.0         0.0         28.21          2.34          69.45           0.0     0.0     0.0   5249.0  13111.0  60.0    0.00    0.00   51.62   77.01   88.24
427            4.0        96.0         0.0         0.0         28.23          2.34          69.43           0.0     0.0     0.0   5342.0  15355.0  44.0    0.00    0.00   52.53   90.20   64.71
428            4.0        96.0         0.0         0.0         28.74          2.33          68.93           0.0     0.0     0.0   5297.0  14700.0  27.0    0.00    0.00   52.09   86.35   39.71
429            4.0        95.0         0.0         1.0         28.96          2.32          68.73           0.0     0.0     0.0   7434.0  15657.0  28.0    0.00    0.00   73.10   91.97   41.18
430            3.0        96.0         0.0         1.0         29.04          2.32          68.64           0.0     0.0    16.0   6613.0  14233.0  24.0    0.00    0.26   65.03   83.61   35.29
431            4.0        96.0         0.0         0.0         29.69          2.30          68.02           0.0     0.0     0.0   6365.0  14250.0  28.0    0.00    0.00   62.59   83.71   41.18
432            3.0        97.0         0.0         0.0         28.57          2.33          69.10           0.0     0.0     0.0   5950.0  14108.0  35.0    0.00    0.00   58.51   82.87   51.47
433            4.0        96.0         0.0         0.0         28.78          2.33          68.89           0.0     0.0     0.0   5106.0  14413.0  45.0    0.00    0.00   50.21   84.66   66.18
434            3.0        97.0         0.0         0.0         29.03          2.32          68.65           0.0     0.0  1304.0   3919.0  13863.0  21.0    0.00   21.22   38.54   81.43   30.88
435            3.0        97.0         0.0         0.0         29.10          2.32          68.58           0.0     0.0    28.0   3515.0  12931.0  23.0    0.00    0.46   34.57   75.96   33.82
436            4.0        96.0         0.0         0.0         28.28          2.34          69.37           0.0     0.0     0.0   3656.0  13831.0  20.0    0.00    0.00   35.95   81.24   29.41
437            3.0        97.0         0.0         0.0         28.43          2.34          69.23           0.0     0.0     8.0   3604.0  13748.0  22.0    0.00    0.13   35.44   80.76   32.35
438            4.0        96.0         0.0         0.0         28.29          2.34          69.37           0.0     0.0     0.0   6561.0  15220.0  12.0    0.00    0.00   64.52   89.40   17.65
439            3.0        97.0         0.0         0.0         27.83          2.36          69.81           0.0     0.0     0.0   8772.0  14800.0  34.0    0.00    0.00   86.26   86.94   50.00
440            3.0        97.0         0.0         0.0         28.02          2.35          69.63           0.0     0.0    24.0   7063.0  12309.0  17.0    0.00    0.39   69.46   72.30   25.00
441            3.0        97.0         0.0         0.0         27.57          2.37          70.06           0.0     0.0     0.0   7559.0  15202.0  31.0    0.00    0.00   74.33   89.30   45.59
442            4.0        96.0         0.0         0.0         27.78          2.36          69.87           0.0     0.0     0.0   7848.0  14656.0  25.0    0.00    0.00   77.18   86.09   36.76
443            4.0        96.0         0.0         0.0         27.92          2.35          69.73           0.0     0.0     0.0   9065.0  14519.0  41.0    0.00    0.00   89.14   85.29   60.29
444            2.0        98.0         0.0         0.0         27.95          2.35          69.70           0.0     0.0     0.0   7467.0  15032.0  51.0    0.00    0.00   73.43   88.30   75.00
445            3.0        97.0         0.0         0.0         28.04          2.35          69.61           0.0     0.0    20.0   7335.0  14257.0  24.0    0.00    0.33   72.13   83.75   35.29
446            3.0        97.0         0.0         0.0         27.43          2.37          70.20           0.0     0.0     0.0   6344.0  14172.0  47.0    0.00    0.00   62.39   83.25   69.12
447            4.0        96.0         0.0         0.0         27.69          2.36          69.95           0.0     0.0     0.0   5288.0  14779.0  39.0    0.00    0.00   52.00   86.81   57.35
448            5.0        95.0         0.0         0.0         27.82          2.36          69.82           0.0     0.0     0.0   3407.0  13170.0  32.0    0.00    0.00   33.50   77.36   47.06
449            3.0        97.0         0.0         0.0         27.88          2.35          69.76           0.0     0.0    24.0   3388.0  13185.0  17.0    0.00    0.39   33.32   77.45   25.00
450            3.0        97.0         0.0         0.0         28.12          2.35          69.53           0.0     0.0    16.0   3659.0  14789.0  36.0    0.00    0.26   35.98   86.87   52.94
451            3.0        97.0         0.0         0.0         28.11          2.35          69.54           0.0     0.0     0.0   3717.0  15590.0  33.0    0.00    0.00   36.55   91.58   48.53
452            3.0        97.0         0.0         0.0         28.23          2.34          69.43           0.0     0.0     0.0   4093.0  15967.0  35.0    0.00    0.00   40.25   93.79   51.47
453            4.0        96.0         0.0         0.0         28.33          2.34          69.33           0.0     0.0     0.0   9634.0  15465.0  21.0    0.00    0.00   94.74   90.84   30.88
454            3.0        97.0         0.0         0.0         27.77          2.36          69.87           0.0     0.0     0.0   8240.0  14790.0  21.0    0.00    0.00   81.03   86.88   30.88
455            4.0        96.0         0.0         0.0         27.59          2.37          70.04           0.0     0.0    16.0   8074.0  13629.0  49.0    0.00    0.26   79.40   80.06   72.06
456            4.0        96.0         0.0         0.0         27.95          2.35          69.69           0.0     0.0     0.0   7469.0  14260.0  32.0    0.00    0.00   73.45   83.76   47.06
457            3.0        97.0         0.0         0.0         28.15          2.35          69.51           0.0     0.0     0.0   7669.0  13731.0  37.0    0.00    0.00   75.42   80.66   54.41
458            4.0        96.0         0.0         0.0         27.72          2.36          69.92           0.0     0.0     0.0   7702.0  14305.0  43.0    0.00    0.00   75.74   84.03   63.24
459            4.0        93.0         0.0         3.0         27.93          2.35          69.72           0.0     0.0     0.0   7822.0  13999.0  43.0    0.00    0.00   76.92   82.23   63.24
460            3.0        95.0         0.0         2.0         28.39          2.34          69.27           0.0     0.0    16.0   7622.0  15113.0   2.0    0.00    0.26   74.95   88.77    2.94
461            4.0        95.0         0.0         1.0         27.61          2.36          70.03           0.0     0.0     0.0   6824.0  12568.0  35.0    0.00    0.00   67.11   73.83   51.47
462            4.0        96.0         0.0         0.0         28.24          2.34          69.42           0.0     0.0     0.0   6937.0  15275.0  25.0    0.00    0.00   68.22   89.73   36.76
463            2.0        98.0         0.0         0.0         28.26          2.34          69.39           0.0     0.0     0.0   6714.0  14009.0  51.0    0.00    0.00   66.02   82.29   75.00
464            4.0        96.0         0.0         0.0         27.92          2.35          69.73           0.0     0.0     0.0   6091.0  14493.0  50.0    0.00    0.00   59.90   85.13   73.53
465            4.0        96.0         0.0         0.0         28.40          2.34          69.26           0.0     0.0  1328.0   5916.0  14207.0  31.0    0.00   21.61   58.18   83.45   45.59
466            3.0        97.0         0.0         0.0         28.67          2.33          69.00           0.0     0.0     0.0   4673.0  15321.0  29.0    0.00    0.00   45.95   90.00   42.65
467            4.0        96.0         0.0         0.0         28.71          2.33          68.96           0.0     0.0     0.0   4998.0  15548.0  55.0    0.00    0.00   49.15   91.33   80.88
468            3.0        97.0         0.0         0.0         28.52          2.33          69.15           0.0     0.0     4.0   5207.0  15083.0  19.0    0.00    0.07   51.20   88.60   27.94
469            4.0        96.0         0.0         0.0         28.22          2.34          69.44           0.0     0.0     0.0   6725.0  15000.0  52.0    0.00    0.00   66.13   88.11   76.47
470            3.0        97.0         0.0         0.0         28.35          2.34          69.31           0.0     0.0    16.0   5657.0  14610.0  24.0    0.00    0.26   55.63   85.82   35.29
471            4.0        96.0         0.0         0.0         28.45          2.34          69.21           0.0     0.0     0.0   7633.0  15388.0  29.0    0.00    0.00   75.06   90.39   42.65
472            3.0        97.0         0.0         0.0         27.53          2.37          70.11           0.0     0.0     0.0   8105.0  14410.0  68.0    0.00    0.00   79.70   84.65  100.00
473            3.0        97.0         0.0         0.0         27.68          2.36          69.96           0.0     0.0     4.0   7366.0  14559.0  39.0    0.00    0.07   72.44   85.52   57.35
474            3.0        97.0         0.0         0.0         27.78          2.36          69.86           0.0     0.0     0.0   7113.0  14076.0  56.0    0.00    0.00   69.95   82.68   82.35
475            3.0        97.0         0.0         0.0         27.99          2.35          69.66           0.0     0.0    16.0   3989.0  14797.0  31.0    0.00    0.26   39.23   86.92   45.59
476            3.0        97.0         0.0         0.0         27.72          2.36          69.92           0.0     0.0     0.0   3791.0  14847.0  32.0    0.00    0.00   37.28   87.21   47.06
477            4.0        96.0         0.0         0.0         27.92          2.35          69.72           0.0     0.0     0.0   4697.0  15016.0  38.0    0.00    0.00   46.19   88.20   55.88
478            3.0        97.0         0.0         0.0         27.94          2.35          69.71           0.0     0.0     0.0   3608.0  12756.0  33.0    0.00    0.00   35.48   74.93   48.53
479            3.0        97.0         0.0         0.0         28.12          2.35          69.53           0.0     0.0     0.0   3114.0  13234.0  24.0    0.00    0.00   30.62   77.74   35.29
480            3.0        97.0         0.0         0.0         28.15          2.35          69.50           0.0     0.0    32.0   3900.0  16118.0  25.0    0.00    0.52   38.35   94.68   36.76
481            4.0        96.0         0.0         0.0         28.27          2.34          69.38           0.0     0.0     0.0   4995.0  14785.0  32.0    0.00    0.00   49.12   86.85   47.06
482            3.0        97.0         0.0         0.0         27.68          2.36          69.96           0.0     0.0     0.0   4491.0  13785.0  17.0    0.00    0.00   44.16   80.97   25.00
483            4.0        96.0         0.0         0.0         27.44          2.37          70.19           0.0     0.0     0.0   5794.0  14036.0  50.0    0.00    0.00   56.98   82.45   73.53
484            4.0        96.0         0.0         0.0         27.23          2.38          70.39           0.0     0.0     0.0   3400.0  13932.0  36.0    0.00    0.00   33.43   81.84   52.94
485            3.0        97.0         0.0         0.0         26.87          2.39          70.74           0.0     0.0    16.0   3501.0  14448.0  20.0    0.00    0.26   34.43   84.87   29.41
486            3.0        97.0         0.0         0.0         27.01          2.38          70.60           0.0     0.0     0.0   3508.0  14941.0  14.0    0.00    0.00   34.50   87.76   20.59
487            4.0        96.0         0.0         0.0         27.25          2.38          70.38           0.0     0.0     0.0   5737.0  14405.0  28.0    0.00    0.00   56.42   84.62   41.18
488            5.0        95.0         0.0         0.0         27.37          2.37          70.26           0.0     0.0     0.0   8709.0  14547.0  34.0    0.00    0.00   85.64   85.45   50.00
489            3.0        97.0         0.0         0.0         27.20          2.38          70.42           0.0     0.0     0.0   7749.0  14848.0  37.0    0.00    0.00   76.20   87.22   54.41
490            4.0        95.0         0.0         1.0         27.33          2.37          70.30           0.0     0.0    16.0   8698.0  14937.0  44.0    0.00    0.26   85.53   87.74   64.71
491            3.0        96.0         0.0         1.0         27.35          2.37          70.27           0.0     0.0     0.0   7393.0  14722.0  23.0    0.00    0.00   72.70   86.48   33.82
492            4.0        96.0         0.0         0.0         27.50          2.37          70.13           0.0     0.0     0.0   8613.0  15603.0  24.0    0.00    0.00   84.70   91.65   35.29
493            3.0        90.0         0.0         7.0         27.86          2.36          69.78           0.0     0.0     0.0   7675.0  14201.0  29.0    0.00    0.00   75.47   83.42   42.65
494            4.0        96.0         0.0         0.0         27.96          2.35          69.69           0.0     0.0     0.0   7370.0  14202.0  20.0    0.00    0.00   72.48   83.42   29.41
495            4.0        95.0         0.0         1.0         28.13          2.35          69.52           0.0     0.0  1336.0   7620.0  15624.0  34.0    0.00   21.74   74.93   91.78   50.00
496            3.0        95.0         0.0         2.0         28.42          2.34          69.24           0.0     0.0     0.0   7084.0  15246.0  29.0    0.00    0.00   69.66   89.56   42.65
497            3.0        92.0         0.0         5.0         28.60          2.33          69.07           0.0     0.0     0.0   6556.0  15283.0  15.0    0.00    0.00   64.47   89.77   22.06
498            4.0        96.0         0.0         0.0         28.58          2.33          69.09           0.0     0.0     0.0   6594.0  15302.0  27.0    0.00    0.00   64.84   89.88   39.71
499            2.0        98.0         0.0         0.0         28.65          2.33          69.02           0.0     0.0     8.0   6212.0  15158.0  23.0    0.00    0.13   61.09   89.04   33.82
500            3.0        97.0         0.0         0.0         29.33          2.31          68.36           0.0     0.0    36.0   6262.0  15098.0  19.0    0.00    0.59   61.58   88.69   27.94
501            3.0        93.0         0.0         4.0         28.96          2.32          68.72           0.0     0.0     0.0   6268.0  14531.0  31.0    0.00    0.00   61.64   85.36   45.59
502            3.0        97.0         0.0         0.0         27.87          2.36          69.78           0.0     0.0     0.0   5757.0  13406.0  41.0    0.00    0.00   56.61   78.75   60.29
503            3.0        97.0         0.0         0.0         28.21          2.35          69.44           0.0     0.0     0.0   5447.0  14236.0  14.0    0.00    0.00   53.56   83.62   20.59
504            4.0        96.0         0.0         0.0         28.44          2.34          69.22           0.0     0.0     0.0   6375.0  15250.0  41.0    0.00    0.00   62.69   89.58   60.29
505            4.0        96.0         0.0         0.0         28.54          2.34          69.12           0.0     0.0    20.0   4583.0  14704.0  10.0    0.00    0.33   45.07   86.37   14.71
506            3.0        97.0         0.0         0.0         27.52          2.37          70.11           0.0     0.0     0.0   3862.0  14819.0  12.0    0.00    0.00   37.98   87.05   17.65
507            4.0        96.0         0.0         0.0         27.69          2.36          69.95           0.0     0.0     0.0   8642.0  15551.0  51.0    0.00    0.00   84.98   91.35   75.00
508            3.0        92.0         0.0         5.0         27.90          2.36          69.75           0.0     0.0     0.0   9679.0  15249.0   1.0    0.00    0.00   95.18   89.57    1.47
509            4.0        93.0         0.0         3.0         27.47          2.37          70.16           0.0     0.0     0.0   8390.0  14679.0  28.0    0.00    0.00   82.51   86.23   41.18
510            3.0        92.0         0.0         5.0         27.66          2.36          69.97           0.0     0.0    16.0   8913.0  15131.0  13.0    0.00    0.26   87.65   88.88   19.12
511            4.0        93.0         0.0         3.0         28.05          2.35          69.60           0.0     0.0     0.0   8038.0  15449.0   4.0    0.00    0.00   79.04   90.75    5.88
512            3.0        90.0         0.0         7.0         28.22          2.35          69.43           0.0     0.0     0.0   8522.0  14779.0   6.0    0.00    0.00   83.80   86.81    8.82
513            4.0        96.0         0.0         0.0         28.39          2.34          69.27           0.0     0.0     0.0   7511.0  14915.0  17.0    0.00    0.00   73.86   87.61   25.00
514            4.0        91.0         0.0         5.0         27.87          2.36          69.78           0.0     0.0     0.0   7328.0  15184.0  11.0    0.00    0.00   72.06   89.19   16.18
515            3.0        93.0         0.0         4.0         28.29          2.34          69.37           0.0     0.0    16.0   7560.0  15599.0  18.0    0.00    0.26   74.34   91.63   26.47
516            3.0        97.0         0.0         0.0         28.22          2.35          69.43           0.0     0.0    24.0   7360.0  15761.0  13.0    0.00    0.39   72.38   92.58   19.12
517            4.0        93.0         0.0         3.0         28.84          2.33          68.84           0.0     0.0     0.0   7109.0  14941.0  23.0    0.00    0.00   69.91   87.76   33.82
518            3.0        97.0         0.0         0.0         27.87          2.36          69.77           0.0     0.0     0.0   6302.0  15073.0  26.0    0.00    0.00   61.97   88.54   38.24
519            4.0        92.0         0.0         4.0         28.67          2.33          69.00           0.0     0.0     0.0   7538.0  15038.0  11.0    0.00    0.00   74.13   88.33   16.18
520            2.0        96.0         0.0         2.0         29.12          2.32          68.56           0.0     0.0    16.0   7062.0  15058.0   0.0    0.00    0.26   69.45   88.45    0.00
521            3.0        93.0         0.0         4.0         29.16          2.31          68.53           0.0     0.0     0.0   6567.0  15698.0  22.0    0.00    0.00   64.58   92.21   32.35
522            3.0        96.0         0.0         1.0         29.11          2.32          68.57           0.0     0.0     0.0   6569.0  15238.0   0.0    0.00    0.00   64.60   89.51    0.00
523            4.0        91.0         0.0         5.0         29.29          2.31          68.40           0.0     0.0     0.0   6764.0  14729.0  20.0    0.00    0.00   66.52   86.52   29.41
524            3.0        89.0         0.0         8.0         29.28          2.31          68.41           0.0     0.0     0.0   6891.0  14566.0  20.0    0.00    0.00   67.76   85.56   29.41
525            3.0        93.0         0.0         4.0         29.15          2.32          68.54           0.0     0.0    16.0   6578.0  14567.0   0.0    0.00    0.26   64.69   85.57    0.00
526            3.0        86.0         0.0        11.0         29.18          2.31          68.51           0.0     0.0  1344.0   7395.0  14718.0  33.0    0.00   21.88   72.72   86.45   48.53
527            4.0        93.0         0.0         3.0         28.94          2.32          68.74           0.0     0.0     0.0   6728.0  15104.0  18.0    0.00    0.00   66.16   88.72   26.47
528            3.0        95.0         0.0         2.0         29.02          2.32          68.66           0.0     0.0     0.0   6911.0  15339.0  18.0    0.00    0.00   67.96   90.10   26.47
529            3.0        83.0         0.0        14.0         29.13          2.32          68.55           0.0     0.0     0.0   7467.0  15004.0  11.0    0.00    0.00   73.43   88.13   16.18
530            2.0        86.0         0.0        12.0         29.27          2.31          68.41           0.0     0.0    32.0   7337.0  14728.0  17.0    0.00    0.52   72.15   86.51   25.00
531            4.0        85.0         0.0        11.0         29.53          2.30          68.17           0.0     0.0     0.0   7294.0  15311.0  11.0    0.00    0.00   71.73   89.94   16.18
532            2.0        85.0         0.0        13.0         29.32          2.31          68.37           0.0     0.0     0.0   7585.0  15486.0  21.0    0.00    0.00   74.59   90.97   30.88
533            4.0        90.0         0.0         6.0         29.03          2.32          68.65           0.0     0.0     0.0   7195.0  15436.0   0.0    0.00    0.00   70.75   90.67    0.00
534            3.0        89.0         0.0         8.0         29.03          2.32          68.65           0.0     0.0     4.0   6751.0  14915.0  21.0    0.00    0.07   66.39   87.61   30.88
535            3.0        84.0         0.0        13.0         29.18          2.31          68.50           0.0     0.0    16.0   6729.0  14705.0   0.0    0.00    0.26   66.17   86.38    0.00
536            3.0        86.0         0.0        11.0         29.33          2.31          68.36           0.0     0.0     0.0   6989.0  15483.0   2.0    0.00    0.00   68.73   90.95    2.94
537            4.0        96.0         0.0         0.0         27.64          2.36          70.00           0.0     0.0     0.0   6470.0  15553.0  14.0    0.00    0.00   63.62   91.36   20.59
538            2.0        85.0         0.0        13.0         28.46          2.34          69.20           0.0     0.0     0.0   7104.0  15461.0  10.0    0.00    0.00   69.86   90.82   14.71
539            4.0        80.0         0.0        16.0         28.83          2.33          68.84           0.0     0.0     0.0   7254.0  15301.0  16.0    0.00    0.00   71.33   89.88   23.53
540            2.0        88.0         0.0        10.0         29.12          2.32          68.56           0.0     0.0    16.0   7091.0  15805.0   0.0    0.00    0.26   69.73   92.84    0.00
541            3.0        90.0         0.0         7.0         29.26          2.31          68.43           0.0     0.0     0.0   6685.0  15875.0  16.0    0.00    0.00   65.74   93.25   23.53
542            3.0        85.0         0.0        12.0         29.49          2.30          68.21           0.0     0.0     0.0   7065.0  15578.0   2.0    0.00    0.00   69.48   91.51    2.94
543            2.0        92.0         0.0         6.0         29.67          2.30          68.03           0.0     0.0     0.0   6680.0  15498.0   7.0    0.00    0.00   65.69   91.04   10.29
544            3.0        81.0         0.0        16.0         29.80          2.29          67.90           0.0     0.0     0.0   7179.0  15236.0  22.0    0.00    0.00   70.60   89.50   32.35
545            3.0        91.0         0.0         6.0         29.95          2.29          67.76           0.0     0.0    16.0   6652.0  14621.0  12.0    0.00    0.26   65.41   85.88   17.65
546            4.0        89.0         0.0         7.0         30.05          2.29          67.67           0.0     0.0     0.0   6490.0  15092.0   0.0    0.00    0.00   63.82   88.65    0.00
547            4.0        88.0         0.0         8.0         30.05          2.29          67.66           0.0     0.0     0.0   6606.0  15037.0   0.0    0.00    0.00   64.96   88.33    0.00
548            3.0        92.0         0.0         5.0         29.91          2.29          67.80           0.0     0.0     0.0   6508.0  15287.0  30.0    0.00    0.00   64.00   89.80   44.12
549            3.0        89.0         0.0         8.0         30.02          2.29          67.69           0.0     0.0     0.0   6944.0  15636.0  16.0    0.00    0.00   68.29   91.85   23.53
550            3.0        88.0         0.0         9.0         29.66          2.30          68.04           0.0     0.0    16.0   6946.0  14837.0  26.0    0.00    0.26   68.31   87.15   38.24
551            3.0        97.0         0.0         0.0         29.63          2.30          68.07           0.0     0.0     0.0   6429.0  14932.0   0.0    0.00    0.00   63.22   87.71    0.00
552            4.0        92.0         0.0         4.0         29.32          2.31          68.37           0.0     0.0    12.0   6420.0  15186.0  30.0    0.00    0.20   63.13   89.20   44.12
553            3.0        97.0         0.0         0.0         29.46          2.30          68.24           0.0     0.0     0.0   6646.0  15482.0  10.0    0.00    0.00   65.36   90.94   14.71
554            4.0        95.0         0.0         1.0         29.80          2.29          67.90           0.0     0.0     0.0   6432.0  15403.0  50.0    0.00    0.00   63.25   90.48   73.53
555            3.0        94.0         0.0         3.0         29.35          2.31          68.34           0.0     0.0    16.0   6687.0  14946.0  18.0    0.00    0.26   65.76   87.79   26.47
556            4.0        89.0         0.0         7.0         29.71          2.30          67.99           0.0     0.0     0.0   7295.0  15836.0  20.0    0.00    0.00   71.74   93.02   29.41
557            3.0        93.0         0.0         4.0         29.86          2.29          67.85           0.0     0.0  1356.0   6919.0  16077.0   3.0    0.00   22.07   68.04   94.44    4.41
558            3.0        88.0         0.0         9.0         29.90          2.29          67.80           0.0     0.0     0.0   7047.0  14959.0  19.0    0.00    0.00   69.30   87.87   27.94
559            3.0        91.0         0.0         6.0         30.04          2.29          67.68           0.0     0.0     0.0   6779.0  15035.0   7.0    0.00    0.00   66.66   88.32   10.29
560            3.0        90.0         0.0         7.0         29.88          2.29          67.83           0.0     0.0    28.0   6930.0  15202.0   4.0    0.00    0.46   68.15   89.30    5.88
561            3.0        94.0         0.0         3.0         29.57          2.30          68.12           0.0     0.0     8.0   6721.0  15117.0  21.0    0.00    0.13   66.09   88.80   30.88
562            4.0        89.0         0.0         7.0         29.66          2.30          68.04           0.0     0.0     0.0   6886.0  15097.0  12.0    0.00    0.00   67.72   88.68   17.65
563            3.0        88.0         0.0         9.0         29.81          2.29          67.90           0.0     0.0     0.0   7048.0  15514.0   4.0    0.00    0.00   69.31   91.13    5.88
564            3.0        80.0         0.0        17.0         29.96          2.29          67.75           0.0     0.0     0.0   7527.0  14593.0  13.0    0.00    0.00   74.02   85.72   19.12
565            3.0        90.0         0.0         7.0         30.06          2.29          67.65           0.0     0.0    28.0   6947.0  15679.0  17.0    0.00    0.46   68.32   92.10   25.00
566            3.0        92.0         0.0         5.0         29.93          2.29          67.78           0.0     0.0     0.0   7032.0  16278.0   6.0    0.00    0.00   69.15   95.62    8.82
567            3.0        93.0         0.0         4.0         30.09          2.28          67.62           0.0     0.0     0.0   6491.0  15652.0  25.0    0.00    0.00   63.83   91.94   36.76
568            4.0        83.0         0.0        13.0         30.19          2.28          67.53           0.0     0.0     0.0   7333.0  15783.0  28.0    0.00    0.00   72.11   92.71   41.18
569            2.0        88.0         0.0        10.0         30.30          2.28          67.42           0.0     0.0     0.0   7105.0  15185.0   0.0    0.00    0.00   69.87   89.20    0.00
570            4.0        87.0         0.0         9.0         30.33          2.28          67.39           0.0     0.0    16.0   7155.0  14974.0  12.0    0.00    0.26   70.36   87.96   17.65
571            3.0        93.0         0.0         4.0         30.14          2.28          67.57           0.0     0.0     0.0   6273.0  14638.0  13.0    0.00    0.00   61.69   85.98   19.12
572            4.0        95.0         0.0         1.0         30.00          2.29          67.71           0.0     0.0     0.0   6736.0  15389.0  23.0    0.00    0.00   66.24   90.40   33.82
573            3.0        86.0         0.0        11.0         29.61          2.30          68.09           0.0     0.0     0.0   7324.0  15749.0  14.0    0.00    0.00   72.02   92.51   20.59
574            3.0        90.0         0.0         7.0         29.24          2.31          68.45           0.0     0.0     0.0   7011.0  14809.0  18.0    0.00    0.00   68.94   86.99   26.47
575            4.0        88.0         0.0         8.0         29.53          2.30          68.17           0.0     0.0    16.0   7146.0  15020.0  15.0    0.00    0.26   70.27   88.23   22.06
576            3.0        86.0         0.0        11.0         29.73          2.30          67.98           0.0     0.0     0.0   7315.0  14421.0  18.0    0.00    0.00   71.93   84.71   26.47
577            1.0        42.0         0.0        57.0         29.76          2.30          67.94           0.0     0.0     0.0   2389.0   7081.0   0.0    0.00    0.00   23.49   41.59    0.00
578            0.0         1.0         0.0        99.0         29.76          2.30          67.94           0.0     0.0     0.0     73.0   1919.0   0.0    0.00    0.00    0.72   11.27    0.00
579            0.0         1.0         0.0        99.0         29.76          2.30          67.94           0.0     0.0     0.0     50.0   1950.0   0.0    0.00    0.00    0.49   11.45    0.00
580            0.0         3.0         2.0        95.0         29.76          2.30          67.94           0.0     0.0    16.0     95.0   1773.0   0.0    0.00    0.26    0.93   10.41    0.00
581            0.0         3.0         0.0        97.0         29.76          2.30          67.94           0.0     0.0     0.0     94.0   1909.0   0.0    0.00    0.00    0.92   11.21    0.00
582            0.0         2.0         0.0        98.0         29.76          2.30          67.94           0.0     0.0     0.0    149.0   1794.0   0.0    0.00    0.00    1.47   10.54    0.00
583            0.0         1.0         0.0        99.0         29.76          2.30          67.94           0.0     0.0     0.0     65.0   1916.0   0.0    0.00    0.00    0.64   11.25    0.00
584            0.0         2.0         0.0        98.0         29.76          2.30          67.94           0.0     0.0     0.0     59.0   1937.0   0.0    0.00    0.00    0.58   11.38    0.00
585            0.0         2.0         0.0        98.0         29.76          2.30          67.94           0.0     0.0     0.0     70.0   1876.0   0.0    0.00    0.00    0.69   11.02    0.00
586            0.0         1.0         1.0        98.0         29.76          2.30          67.94           0.0     0.0    12.0     75.0   1920.0   0.0    0.00    0.20    0.74   11.28    0.00
587            0.0         2.0         0.0        98.0         29.76          2.30          67.94           0.0     0.0   916.0     65.0   1955.0   0.0    0.00   14.91    0.64   11.48    0.00
588            0.0         2.0         0.0        98.0         29.76          2.30          67.94           0.0     0.0     0.0     68.0   1931.0   0.0    0.00    0.00    0.67   11.34    0.00
589            0.0         1.0         0.0        99.0         29.76          2.30          67.94           0.0     0.0     0.0     57.0   1925.0   0.0    0.00    0.00    0.56   11.31    0.00
590            0.0         2.0         0.0        98.0         29.76          2.30          67.94           0.0     0.0     0.0     84.0   1955.0   0.0    0.00    0.00    0.83   11.48    0.00
591            0.0         2.0         0.0        98.0         29.76          2.30          67.94           0.0     0.0     0.0     55.0   1932.0   0.0    0.00    0.00    0.54   11.35    0.00
592            0.0         1.0         0.0        99.0         29.76          2.30          67.94           0.0     0.0    28.0    156.0   1939.0   0.0    0.00    0.46    1.53   11.39    0.00
593            0.0         2.0         0.0        98.0         29.76          2.30          67.94           0.0     0.0     8.0     71.0   1847.0   0.0    0.00    0.13    0.70   10.85    0.00
594            0.0         2.0         0.0        98.0         29.76          2.30          67.94           0.0     0.0     4.0     71.0   1924.0   0.0    0.00    0.07    0.70   11.30    0.00
595            0.0         1.0         0.0        99.0         29.76          2.30          67.94           0.0     0.0     0.0     55.0   1909.0   0.0    0.00    0.00    0.54   11.21    0.00
596            0.0         2.0         0.0        98.0         29.76          2.30          67.94           0.0     0.0     0.0     62.0   1946.0   0.0    0.00    0.00    0.61   11.43    0.00
597            0.0         2.0         0.0        98.0         29.76          2.30          67.94           0.0     0.0     0.0     54.0   1924.0   0.0    0.00    0.00    0.53   11.30    0.00
598            0.0         2.0         1.0        97.0         29.76          2.30          67.94           0.0     0.0    20.0     90.0   1839.0   0.0    0.00    0.33    0.89   10.80    0.00
599            0.0         2.0         0.0        98.0         29.74          2.30          67.96           0.0     0.0    80.0    328.0   1756.0   0.0    0.00    1.30    3.23   10.31    0.00
Grafico salvato: plots/fairness_cpu_resources.png
Grafico salvato: plots/fairness_cpu_usage.png
Grafico salvato: plots/fairness_memory_resources.png
Grafico salvato: plots/fairness_disk_io.png
Grafico salvato: plots/fairness_system_overhead.png
